{"type":"minecraft:overworld","generator":{"type":"minecraft:noise","biome_source":{"biomes":[{"biome":"minecraft:beach","parameters":{"continentalness":[-0.19,-0.11],"depth":0,"erosion":[0.05,0.45],"humidity":[-1,-0.35],"offset":0,"temperature":[-0.45,-0.15],"weirdness":[-1,-0.9333]}},{"biome":"minecraft:beach","parameters":{"continentalness":[-0.19,-0.11],"depth":1,"erosion":[0.05,0.45],"humidity":[-1,-0.35],"offset":0,"temperature":[-0.45,-0.15],"weirdness":[-1,-0.9333]}},{"biome":"minecraft:beach","parameters":{"continentalness":[-0.19,-0.11],"depth":0,"erosion":[0.45,0.55],"humidity":[-1,-0.35],"offset":0,"temperature":[-0.45,-0.15],"weirdness":[-1,-0.9333]}},{"biome":"minecraft:beach","parameters":{"continentalness":[-0.19,-0.11],"depth":1,"erosion":[0.45,0.55],"humidity":[-1,-0.35],"offset":0,"temperature":[-0.45,-0.15],"weirdness":[-1,-0.9333]}},{"biome":"minecraft:beach","parameters":{"continentalness":[-0.19,-0.11],"depth":0,"erosion":[0.55,1],"humidity":[-1,-0.35],"offset":0,"temperature":[-0.45,-0.15],"weirdness":[-1,-0.9333]}},{"biome":"minecraft:beach","parameters":{"continentalness":[-0.19,-0.11],"depth":1,"erosion":[0.55,1],"humidity":[-1,-0.35],"offset":0,"temperature":[-0.45,-0.15],"weirdness":[-1,-0.9333]}},{"biome":"minecraft:beach","parameters":{"continentalness":[-0.19,-0.11],"depth":0,"erosion":[0.05,0.45],"humidity":[-0.35,-0.1],"offset":0,"temperature":[-0.45,-0.15],"weirdness":[-1,-0.9333]}},{"biome":"minecraft:beach","parameters":{"continentalness":[-0.19,-0.11],"depth":1,"erosion":[0.05,0.45],"humidity":[-0.35,-0.1],"offset":0,"temperature":[-0.45,-0.15],"weirdness":[-1,-0.9333]}},{"biome":"minecraft:beach","parameters":{"continentalness":[-0.19,-0.11],"depth":0,"erosion":[0.45,0.55],"humidity":[-0.35,-0.1],"offset":0,"temperature":[-0.45,-0.15],"weirdness":[-1,-0.9333]}},{"biome":"minecraft:beach","parameters":{"continentalness":[-0.19,-0.11],"depth":1,"erosion":[0.45,0.55],"humidity":[-0.35,-0.1],"offset":0,"temperature":[-0.45,-0.15],"weirdness":[-1,-0.9333]}},{"biome":"minecraft:beach","parameters":{"continentalness":[-0.19,-0.11],"depth":0,"erosion":[0.55,1],"humidity":[-0.35,-0.1],"offset":0,"temperature":[-0.45,-0.15],"weirdness":[-1,-0.9333]}},{"biome":"minecraft:beach","parameters":{"continentalness":[-0.19,-0.11],"depth":1,"erosion":[0.55,1],"humidity":[-0.35,-0.1],"offset":0,"temperature":[-0.45,-0.15],"weirdness":[-1,-0.9333]}},{"biome":"minecraft:beach","parameters":{"continentalness":[-0.19,-0.11],"depth":0,"erosion":[0.05,0.45],"humidity":[-0.1,0.1],"offset":0,"temperature":[-0.45,-0.15],"weirdness":[-1,-0.9333]}},{"biome":"minecraft:beach","parameters":{"continentalness":[-0.19,-0.11],"depth":1,"erosion":[0.05,0.45],"humidity":[-0.1,0.1],"offset":0,"temperature":[-0.45,-0.15],"weirdness":[-1,-0.9333]}},{"biome":"minecraft:beach","parameters":{"continentalness":[-0.19,-0.11],"depth":0,"erosion":[0.45,0.55],"humidity":[-0.1,0.1],"offset":0,"temperature":[-0.45,-0.15],"weirdness":[-1,-0.9333]}},{"biome":"minecraft:beach","parameters":{"continentalness":[-0.19,-0.11],"depth":1,"erosion":[0.45,0.55],"humidity":[-0.1,0.1],"offset":0,"temperature":[-0.45,-0.15],"weirdness":[-1,-0.9333]}},{"biome":"minecraft:beach","parameters":{"continentalness":[-0.19,-0.11],"depth":0,"erosion":[0.55,1],"humidity":[-0.1,0.1],"offset":0,"temperature":[-0.45,-0.15],"weirdness":[-1,-0.9333]}},{"biome":"minecraft:beach","parameters":{"continentalness":[-0.19,-0.11],"depth":1,"erosion":[0.55,1],"humidity":[-0.1,0.1],"offset":0,"temperature":[-0.45,-0.15],"weirdness":[-1,-0.9333]}},{"biome":"minecraft:beach","parameters":{"continentalness":[-0.19,-0.11],"depth":0,"erosion":[0.05,0.45],"humidity":[0.1,0.3],"offset":0,"temperature":[-0.45,-0.15],"weirdness":[-1,-0.9333]}},{"biome":"minecraft:beach","parameters":{"continentalness":[-0.19,-0.11],"depth":1,"erosion":[0.05,0.45],"humidity":[0.1,0.3],"offset":0,"temperature":[-0.45,-0.15],"weirdness":[-1,-0.9333]}},{"biome":"minecraft:beach","parameters":{"continentalness":[-0.19,-0.11],"depth":0,"erosion":[0.45,0.55],"humidity":[0.1,0.3],"offset":0,"temperature":[-0.45,-0.15],"weirdness":[-1,-0.9333]}},{"biome":"minecraft:beach","parameters":{"continentalness":[-0.19,-0.11],"depth":1,"erosion":[0.45,0.55],"humidity":[0.1,0.3],"offset":0,"temperature":[-0.45,-0.15],"weirdness":[-1,-0.9333]}},{"biome":"minecraft:beach","parameters":{"continentalness":[-0.19,-0.11],"depth":0,"erosion":[0.55,1],"humidity":[0.1,0.3],"offset":0,"temperature":[-0.45,-0.15],"weirdness":[-1,-0.9333]}},{"biome":"minecraft:beach","parameters":{"continentalness":[-0.19,-0.11],"depth":1,"erosion":[0.55,1],"humidity":[0.1,0.3],"offset":0,"temperature":[-0.45,-0.15],"weirdness":[-1,-0.9333]}},{"biome":"minecraft:beach","parameters":{"continentalness":[-0.19,-0.11],"depth":0,"erosion":[0.05,0.45],"humidity":[0.3,1],"offset":0,"temperature":[-0.45,-0.15],"weirdness":[-1,-0.9333]}},{"biome":"minecraft:beach","parameters":{"continentalness":[-0.19,-0.11],"depth":1,"erosion":[0.05,0.45],"humidity":[0.3,1],"offset":0,"temperature":[-0.45,-0.15],"weirdness":[-1,-0.9333]}},{"biome":"minecraft:beach","parameters":{"continentalness":[-0.19,-0.11],"depth":0,"erosion":[0.45,0.55],"humidity":[0.3,1],"offset":0,"temperature":[-0.45,-0.15],"weirdness":[-1,-0.9333]}},{"biome":"minecraft:beach","parameters":{"continentalness":[-0.19,-0.11],"depth":1,"erosion":[0.45,0.55],"humidity":[0.3,1],"offset":0,"temperature":[-0.45,-0.15],"weirdness":[-1,-0.9333]}},{"biome":"minecraft:beach","parameters":{"continentalness":[-0.19,-0.11],"depth":0,"erosion":[0.55,1],"humidity":[0.3,1],"offset":0,"temperature":[-0.45,-0.15],"weirdness":[-1,-0.9333]}},{"biome":"minecraft:beach","parameters":{"continentalness":[-0.19,-0.11],"depth":1,"erosion":[0.55,1],"humidity":[0.3,1],"offset":0,"temperature":[-0.45,-0.15],"weirdness":[-1,-0.9333]}},{"biome":"minecraft:beach","parameters":{"continentalness":[-0.19,-0.11],"depth":0,"erosion":[0.05,0.45],"humidity":[-1,-0.35],"offset":0,"temperature":[-0.15,0.2],"weirdness":[-1,-0.9333]}},{"biome":"minecraft:beach","parameters":{"continentalness":[-0.19,-0.11],"depth":1,"erosion":[0.05,0.45],"humidity":[-1,-0.35],"offset":0,"temperature":[-0.15,0.2],"weirdness":[-1,-0.9333]}},{"biome":"minecraft:beach","parameters":{"continentalness":[-0.19,-0.11],"depth":0,"erosion":[0.45,0.55],"humidity":[-1,-0.35],"offset":0,"temperature":[-0.15,0.2],"weirdness":[-1,-0.9333]}},{"biome":"minecraft:beach","parameters":{"continentalness":[-0.19,-0.11],"depth":1,"erosion":[0.45,0.55],"humidity":[-1,-0.35],"offset":0,"temperature":[-0.15,0.2],"weirdness":[-1,-0.9333]}},{"biome":"minecraft:beach","parameters":{"continentalness":[-0.19,-0.11],"depth":0,"erosion":[0.55,1],"humidity":[-1,-0.35],"offset":0,"temperature":[-0.15,0.2],"weirdness":[-1,-0.9333]}},{"biome":"minecraft:beach","parameters":{"continentalness":[-0.19,-0.11],"depth":1,"erosion":[0.55,1],"humidity":[-1,-0.35],"offset":0,"temperature":[-0.15,0.2],"weirdness":[-1,-0.9333]}},{"biome":"minecraft:beach","parameters":{"continentalness":[-0.19,-0.11],"depth":0,"erosion":[0.05,0.45],"humidity":[-0.35,-0.1],"offset":0,"temperature":[-0.15,0.2],"weirdness":[-1,-0.9333]}},{"biome":"minecraft:beach","parameters":{"continentalness":[-0.19,-0.11],"depth":1,"erosion":[0.05,0.45],"humidity":[-0.35,-0.1],"offset":0,"temperature":[-0.15,0.2],"weirdness":[-1,-0.9333]}},{"biome":"minecraft:beach","parameters":{"continentalness":[-0.19,-0.11],"depth":0,"erosion":[0.45,0.55],"humidity":[-0.35,-0.1],"offset":0,"temperature":[-0.15,0.2],"weirdness":[-1,-0.9333]}},{"biome":"minecraft:beach","parameters":{"continentalness":[-0.19,-0.11],"depth":1,"erosion":[0.45,0.55],"humidity":[-0.35,-0.1],"offset":0,"temperature":[-0.15,0.2],"weirdness":[-1,-0.9333]}},{"biome":"minecraft:beach","parameters":{"continentalness":[-0.19,-0.11],"depth":0,"erosion":[0.55,1],"humidity":[-0.35,-0.1],"offset":0,"temperature":[-0.15,0.2],"weirdness":[-1,-0.9333]}},{"biome":"minecraft:beach","parameters":{"continentalness":[-0.19,-0.11],"depth":1,"erosion":[0.55,1],"humidity":[-0.35,-0.1],"offset":0,"temperature":[-0.15,0.2],"weirdness":[-1,-0.9333]}},{"biome":"minecraft:beach","parameters":{"continentalness":[-0.19,-0.11],"depth":0,"erosion":[0.05,0.45],"humidity":[-0.1,0.1],"offset":0,"temperature":[-0.15,0.2],"weirdness":[-1,-0.9333]}},{"biome":"minecraft:beach","parameters":{"continentalness":[-0.19,-0.11],"depth":1,"erosion":[0.05,0.45],"humidity":[-0.1,0.1],"offset":0,"temperature":[-0.15,0.2],"weirdness":[-1,-0.9333]}},{"biome":"minecraft:beach","parameters":{"continentalness":[-0.19,-0.11],"depth":0,"erosion":[0.45,0.55],"humidity":[-0.1,0.1],"offset":0,"temperature":[-0.15,0.2],"weirdness":[-1,-0.9333]}},{"biome":"minecraft:beach","parameters":{"continentalness":[-0.19,-0.11],"depth":1,"erosion":[0.45,0.55],"humidity":[-0.1,0.1],"offset":0,"temperature":[-0.15,0.2],"weirdness":[-1,-0.9333]}},{"biome":"minecraft:beach","parameters":{"continentalness":[-0.19,-0.11],"depth":0,"erosion":[0.55,1],"humidity":[-0.1,0.1],"offset":0,"temperature":[-0.15,0.2],"weirdness":[-1,-0.9333]}},{"biome":"minecraft:beach","parameters":{"continentalness":[-0.19,-0.11],"depth":1,"erosion":[0.55,1],"humidity":[-0.1,0.1],"offset":0,"temperature":[-0.15,0.2],"weirdness":[-1,-0.9333]}},{"biome":"minecraft:beach","parameters":{"continentalness":[-0.19,-0.11],"depth":0,"erosion":[0.05,0.45],"humidity":[0.1,0.3],"offset":0,"temperature":[-0.15,0.2],"weirdness":[-1,-0.9333]}},{"biome":"minecraft:beach","parameters":{"continentalness":[-0.19,-0.11],"depth":1,"erosion":[0.05,0.45],"humidity":[0.1,0.3],"offset":0,"temperature":[-0.15,0.2],"weirdness":[-1,-0.9333]}},{"biome":"minecraft:beach","parameters":{"continentalness":[-0.19,-0.11],"depth":0,"erosion":[0.45,0.55],"humidity":[0.1,0.3],"offset":0,"temperature":[-0.15,0.2],"weirdness":[-1,-0.9333]}},{"biome":"minecraft:beach","parameters":{"continentalness":[-0.19,-0.11],"depth":1,"erosion":[0.45,0.55],"humidity":[0.1,0.3],"offset":0,"temperature":[-0.15,0.2],"weirdness":[-1,-0.9333]}},{"biome":"minecraft:beach","parameters":{"continentalness":[-0.19,-0.11],"depth":0,"erosion":[0.55,1],"humidity":[0.1,0.3],"offset":0,"temperature":[-0.15,0.2],"weirdness":[-1,-0.9333]}},{"biome":"minecraft:beach","parameters":{"continentalness":[-0.19,-0.11],"depth":1,"erosion":[0.55,1],"humidity":[0.1,0.3],"offset":0,"temperature":[-0.15,0.2],"weirdness":[-1,-0.9333]}},{"biome":"minecraft:beach","parameters":{"continentalness":[-0.19,-0.11],"depth":0,"erosion":[0.05,0.45],"humidity":[0.3,1],"offset":0,"temperature":[-0.15,0.2],"weirdness":[-1,-0.9333]}},{"biome":"minecraft:beach","parameters":{"continentalness":[-0.19,-0.11],"depth":1,"erosion":[0.05,0.45],"humidity":[0.3,1],"offset":0,"temperature":[-0.15,0.2],"weirdness":[-1,-0.9333]}},{"biome":"minecraft:beach","parameters":{"continentalness":[-0.19,-0.11],"depth":0,"erosion":[0.45,0.55],"humidity":[0.3,1],"offset":0,"temperature":[-0.15,0.2],"weirdness":[-1,-0.9333]}},{"biome":"minecraft:beach","parameters":{"continentalness":[-0.19,-0.11],"depth":1,"erosion":[0.45,0.55],"humidity":[0.3,1],"offset":0,"temperature":[-0.15,0.2],"weirdness":[-1,-0.9333]}},{"biome":"minecraft:beach","parameters":{"continentalness":[-0.19,-0.11],"depth":0,"erosion":[0.55,1],"humidity":[0.3,1],"offset":0,"temperature":[-0.15,0.2],"weirdness":[-1,-0.9333]}},{"biome":"minecraft:beach","parameters":{"continentalness":[-0.19,-0.11],"depth":1,"erosion":[0.55,1],"humidity":[0.3,1],"offset":0,"temperature":[-0.15,0.2],"weirdness":[-1,-0.9333]}},{"biome":"minecraft:beach","parameters":{"continentalness":[-0.19,-0.11],"depth":0,"erosion":[0.05,0.45],"humidity":[-1,-0.35],"offset":0,"temperature":[0.2,0.55],"weirdness":[-1,-0.9333]}},{"biome":"minecraft:beach","parameters":{"continentalness":[-0.19,-0.11],"depth":1,"erosion":[0.05,0.45],"humidity":[-1,-0.35],"offset":0,"temperature":[0.2,0.55],"weirdness":[-1,-0.9333]}},{"biome":"minecraft:beach","parameters":{"continentalness":[-0.19,-0.11],"depth":0,"erosion":[0.45,0.55],"humidity":[-1,-0.35],"offset":0,"temperature":[0.2,0.55],"weirdness":[-1,-0.9333]}},{"biome":"minecraft:beach","parameters":{"continentalness":[-0.19,-0.11],"depth":1,"erosion":[0.45,0.55],"humidity":[-1,-0.35],"offset":0,"temperature":[0.2,0.55],"weirdness":[-1,-0.9333]}},{"biome":"minecraft:beach","parameters":{"continentalness":[-0.19,-0.11],"depth":0,"erosion":[0.55,1],"humidity":[-1,-0.35],"offset":0,"temperature":[0.2,0.55],"weirdness":[-1,-0.9333]}},{"biome":"minecraft:beach","parameters":{"continentalness":[-0.19,-0.11],"depth":1,"erosion":[0.55,1],"humidity":[-1,-0.35],"offset":0,"temperature":[0.2,0.55],"weirdness":[-1,-0.9333]}},{"biome":"minecraft:beach","parameters":{"continentalness":[-0.19,-0.11],"depth":0,"erosion":[0.05,0.45],"humidity":[-0.35,-0.1],"offset":0,"temperature":[0.2,0.55],"weirdness":[-1,-0.9333]}},{"biome":"minecraft:beach","parameters":{"continentalness":[-0.19,-0.11],"depth":1,"erosion":[0.05,0.45],"humidity":[-0.35,-0.1],"offset":0,"temperature":[0.2,0.55],"weirdness":[-1,-0.9333]}},{"biome":"minecraft:beach","parameters":{"continentalness":[-0.19,-0.11],"depth":0,"erosion":[0.45,0.55],"humidity":[-0.35,-0.1],"offset":0,"temperature":[0.2,0.55],"weirdness":[-1,-0.9333]}},{"biome":"minecraft:beach","parameters":{"continentalness":[-0.19,-0.11],"depth":1,"erosion":[0.45,0.55],"humidity":[-0.35,-0.1],"offset":0,"temperature":[0.2,0.55],"weirdness":[-1,-0.9333]}},{"biome":"minecraft:beach","parameters":{"continentalness":[-0.19,-0.11],"depth":0,"erosion":[0.55,1],"humidity":[-0.35,-0.1],"offset":0,"temperature":[0.2,0.55],"weirdness":[-1,-0.9333]}},{"biome":"minecraft:beach","parameters":{"continentalness":[-0.19,-0.11],"depth":1,"erosion":[0.55,1],"humidity":[-0.35,-0.1],"offset":0,"temperature":[0.2,0.55],"weirdness":[-1,-0.9333]}},{"biome":"minecraft:beach","parameters":{"continentalness":[-0.19,-0.11],"depth":0,"erosion":[0.05,0.45],"humidity":[-0.1,0.1],"offset":0,"temperature":[0.2,0.55],"weirdness":[-1,-0.9333]}},{"biome":"minecraft:beach","parameters":{"continentalness":[-0.19,-0.11],"depth":1,"erosion":[0.05,0.45],"humidity":[-0.1,0.1],"offset":0,"temperature":[0.2,0.55],"weirdness":[-1,-0.9333]}},{"biome":"minecraft:beach","parameters":{"continentalness":[-0.19,-0.11],"depth":0,"erosion":[0.45,0.55],"humidity":[-0.1,0.1],"offset":0,"temperature":[0.2,0.55],"weirdness":[-1,-0.9333]}},{"biome":"minecraft:beach","parameters":{"continentalness":[-0.19,-0.11],"depth":1,"erosion":[0.45,0.55],"humidity":[-0.1,0.1],"offset":0,"temperature":[0.2,0.55],"weirdness":[-1,-0.9333]}},{"biome":"minecraft:beach","parameters":{"continentalness":[-0.19,-0.11],"depth":0,"erosion":[0.55,1],"humidity":[-0.1,0.1],"offset":0,"temperature":[0.2,0.55],"weirdness":[-1,-0.9333]}},{"biome":"minecraft:beach","parameters":{"continentalness":[-0.19,-0.11],"depth":1,"erosion":[0.55,1],"humidity":[-0.1,0.1],"offset":0,"temperature":[0.2,0.55],"weirdness":[-1,-0.9333]}},{"biome":"minecraft:beach","parameters":{"continentalness":[-0.19,-0.11],"depth":0,"erosion":[0.05,0.45],"humidity":[0.1,0.3],"offset":0,"temperature":[0.2,0.55],"weirdness":[-1,-0.9333]}},{"biome":"minecraft:beach","parameters":{"continentalness":[-0.19,-0.11],"depth":1,"erosion":[0.05,0.45],"humidity":[0.1,0.3],"offset":0,"temperature":[0.2,0.55],"weirdness":[-1,-0.9333]}},{"biome":"minecraft:beach","parameters":{"continentalness":[-0.19,-0.11],"depth":0,"erosion":[0.45,0.55],"humidity":[0.1,0.3],"offset":0,"temperature":[0.2,0.55],"weirdness":[-1,-0.9333]}},{"biome":"minecraft:beach","parameters":{"continentalness":[-0.19,-0.11],"depth":1,"erosion":[0.45,0.55],"humidity":[0.1,0.3],"offset":0,"temperature":[0.2,0.55],"weirdness":[-1,-0.9333]}},{"biome":"minecraft:beach","parameters":{"continentalness":[-0.19,-0.11],"depth":0,"erosion":[0.55,1],"humidity":[0.1,0.3],"offset":0,"temperature":[0.2,0.55],"weirdness":[-1,-0.9333]}},{"biome":"minecraft:beach","parameters":{"continentalness":[-0.19,-0.11],"depth":1,"erosion":[0.55,1],"humidity":[0.1,0.3],"offset":0,"temperature":[0.2,0.55],"weirdness":[-1,-0.9333]}},{"biome":"minecraft:beach","parameters":{"continentalness":[-0.19,-0.11],"depth":0,"erosion":[0.05,0.45],"humidity":[0.3,1],"offset":0,"temperature":[0.2,0.55],"weirdness":[-1,-0.9333]}},{"biome":"minecraft:beach","parameters":{"continentalness":[-0.19,-0.11],"depth":1,"erosion":[0.05,0.45],"humidity":[0.3,1],"offset":0,"temperature":[0.2,0.55],"weirdness":[-1,-0.9333]}},{"biome":"minecraft:beach","parameters":{"continentalness":[-0.19,-0.11],"depth":0,"erosion":[0.45,0.55],"humidity":[0.3,1],"offset":0,"temperature":[0.2,0.55],"weirdness":[-1,-0.9333]}},{"biome":"minecraft:beach","parameters":{"continentalness":[-0.19,-0.11],"depth":1,"erosion":[0.45,0.55],"humidity":[0.3,1],"offset":0,"temperature":[0.2,0.55],"weirdness":[-1,-0.9333]}},{"biome":"minecraft:beach","parameters":{"continentalness":[-0.19,-0.11],"depth":0,"erosion":[0.55,1],"humidity":[0.3,1],"offset":0,"temperature":[0.2,0.55],"weirdness":[-1,-0.9333]}},{"biome":"minecraft:beach","parameters":{"continentalness":[-0.19,-0.11],"depth":1,"erosion":[0.55,1],"humidity":[0.3,1],"offset":0,"temperature":[0.2,0.55],"weirdness":[-1,-0.9333]}},{"biome":"minecraft:beach","parameters":{"continentalness":[-0.19,-0.11],"depth":0,"erosion":[0.05,0.45],"humidity":[-1,-0.35],"offset":0,"temperature":[-0.45,-0.15],"weirdness":[-0.4,-0.2666]}},{"biome":"minecraft:beach","parameters":{"continentalness":[-0.19,-0.11],"depth":1,"erosion":[0.05,0.45],"humidity":[-1,-0.35],"offset":0,"temperature":[-0.45,-0.15],"weirdness":[-0.4,-0.2666]}},{"biome":"minecraft:beach","parameters":{"continentalness":[-0.19,-0.11],"depth":0,"erosion":[0.45,0.55],"humidity":[-1,-0.35],"offset":0,"temperature":[-0.45,-0.15],"weirdness":[-0.4,-0.2666]}},{"biome":"minecraft:beach","parameters":{"continentalness":[-0.19,-0.11],"depth":1,"erosion":[0.45,0.55],"humidity":[-1,-0.35],"offset":0,"temperature":[-0.45,-0.15],"weirdness":[-0.4,-0.2666]}},{"biome":"minecraft:beach","parameters":{"continentalness":[-0.19,-0.11],"depth":0,"erosion":[0.55,1],"humidity":[-1,-0.35],"offset":0,"temperature":[-0.45,-0.15],"weirdness":[-0.4,-0.2666]}},{"biome":"minecraft:beach","parameters":{"continentalness":[-0.19,-0.11],"depth":1,"erosion":[0.55,1],"humidity":[-1,-0.35],"offset":0,"temperature":[-0.45,-0.15],"weirdness":[-0.4,-0.2666]}},{"biome":"minecraft:beach","parameters":{"continentalness":[-0.19,-0.11],"depth":0,"erosion":[0.05,0.45],"humidity":[-0.35,-0.1],"offset":0,"temperature":[-0.45,-0.15],"weirdness":[-0.4,-0.2666]}},{"biome":"minecraft:beach","parameters":{"continentalness":[-0.19,-0.11],"depth":1,"erosion":[0.05,0.45],"humidity":[-0.35,-0.1],"offset":0,"temperature":[-0.45,-0.15],"weirdness":[-0.4,-0.2666]}},{"biome":"minecraft:beach","parameters":{"continentalness":[-0.19,-0.11],"depth":0,"erosion":[0.45,0.55],"humidity":[-0.35,-0.1],"offset":0,"temperature":[-0.45,-0.15],"weirdness":[-0.4,-0.2666]}},{"biome":"minecraft:beach","parameters":{"continentalness":[-0.19,-0.11],"depth":1,"erosion":[0.45,0.55],"humidity":[-0.35,-0.1],"offset":0,"temperature":[-0.45,-0.15],"weirdness":[-0.4,-0.2666]}},{"biome":"minecraft:beach","parameters":{"continentalness":[-0.19,-0.11],"depth":0,"erosion":[0.55,1],"humidity":[-0.35,-0.1],"offset":0,"temperature":[-0.45,-0.15],"weirdness":[-0.4,-0.2666]}},{"biome":"minecraft:beach","parameters":{"continentalness":[-0.19,-0.11],"depth":1,"erosion":[0.55,1],"humidity":[-0.35,-0.1],"offset":0,"temperature":[-0.45,-0.15],"weirdness":[-0.4,-0.2666]}},{"biome":"minecraft:beach","parameters":{"continentalness":[-0.19,-0.11],"depth":0,"erosion":[0.05,0.45],"humidity":[-0.1,0.1],"offset":0,"temperature":[-0.45,-0.15],"weirdness":[-0.4,-0.2666]}},{"biome":"minecraft:beach","parameters":{"continentalness":[-0.19,-0.11],"depth":1,"erosion":[0.05,0.45],"humidity":[-0.1,0.1],"offset":0,"temperature":[-0.45,-0.15],"weirdness":[-0.4,-0.2666]}},{"biome":"minecraft:beach","parameters":{"continentalness":[-0.19,-0.11],"depth":0,"erosion":[0.45,0.55],"humidity":[-0.1,0.1],"offset":0,"temperature":[-0.45,-0.15],"weirdness":[-0.4,-0.2666]}},{"biome":"minecraft:beach","parameters":{"continentalness":[-0.19,-0.11],"depth":1,"erosion":[0.45,0.55],"humidity":[-0.1,0.1],"offset":0,"temperature":[-0.45,-0.15],"weirdness":[-0.4,-0.2666]}},{"biome":"minecraft:beach","parameters":{"continentalness":[-0.19,-0.11],"depth":0,"erosion":[0.55,1],"humidity":[-0.1,0.1],"offset":0,"temperature":[-0.45,-0.15],"weirdness":[-0.4,-0.2666]}},{"biome":"minecraft:beach","parameters":{"continentalness":[-0.19,-0.11],"depth":1,"erosion":[0.55,1],"humidity":[-0.1,0.1],"offset":0,"temperature":[-0.45,-0.15],"weirdness":[-0.4,-0.2666]}},{"biome":"minecraft:beach","parameters":{"continentalness":[-0.19,-0.11],"depth":0,"erosion":[0.05,0.45],"humidity":[0.1,0.3],"offset":0,"temperature":[-0.45,-0.15],"weirdness":[-0.4,-0.2666]}},{"biome":"minecraft:beach","parameters":{"continentalness":[-0.19,-0.11],"depth":1,"erosion":[0.05,0.45],"humidity":[0.1,0.3],"offset":0,"temperature":[-0.45,-0.15],"weirdness":[-0.4,-0.2666]}},{"biome":"minecraft:beach","parameters":{"continentalness":[-0.19,-0.11],"depth":0,"erosion":[0.45,0.55],"humidity":[0.1,0.3],"offset":0,"temperature":[-0.45,-0.15],"weirdness":[-0.4,-0.2666]}},{"biome":"minecraft:beach","parameters":{"continentalness":[-0.19,-0.11],"depth":1,"erosion":[0.45,0.55],"humidity":[0.1,0.3],"offset":0,"temperature":[-0.45,-0.15],"weirdness":[-0.4,-0.2666]}},{"biome":"minecraft:beach","parameters":{"continentalness":[-0.19,-0.11],"depth":0,"erosion":[0.55,1],"humidity":[0.1,0.3],"offset":0,"temperature":[-0.45,-0.15],"weirdness":[-0.4,-0.2666]}},{"biome":"minecraft:beach","parameters":{"continentalness":[-0.19,-0.11],"depth":1,"erosion":[0.55,1],"humidity":[0.1,0.3],"offset":0,"temperature":[-0.45,-0.15],"weirdness":[-0.4,-0.2666]}},{"biome":"minecraft:beach","parameters":{"continentalness":[-0.19,-0.11],"depth":0,"erosion":[0.05,0.45],"humidity":[0.3,1],"offset":0,"temperature":[-0.45,-0.15],"weirdness":[-0.4,-0.2666]}},{"biome":"minecraft:beach","parameters":{"continentalness":[-0.19,-0.11],"depth":1,"erosion":[0.05,0.45],"humidity":[0.3,1],"offset":0,"temperature":[-0.45,-0.15],"weirdness":[-0.4,-0.2666]}},{"biome":"minecraft:beach","parameters":{"continentalness":[-0.19,-0.11],"depth":0,"erosion":[0.45,0.55],"humidity":[0.3,1],"offset":0,"temperature":[-0.45,-0.15],"weirdness":[-0.4,-0.2666]}},{"biome":"minecraft:beach","parameters":{"continentalness":[-0.19,-0.11],"depth":1,"erosion":[0.45,0.55],"humidity":[0.3,1],"offset":0,"temperature":[-0.45,-0.15],"weirdness":[-0.4,-0.2666]}},{"biome":"minecraft:beach","parameters":{"continentalness":[-0.19,-0.11],"depth":0,"erosion":[0.55,1],"humidity":[0.3,1],"offset":0,"temperature":[-0.45,-0.15],"weirdness":[-0.4,-0.2666]}},{"biome":"minecraft:beach","parameters":{"continentalness":[-0.19,-0.11],"depth":1,"erosion":[0.55,1],"humidity":[0.3,1],"offset":0,"temperature":[-0.45,-0.15],"weirdness":[-0.4,-0.2666]}},{"biome":"minecraft:beach","parameters":{"continentalness":[-0.19,-0.11],"depth":0,"erosion":[0.05,0.45],"humidity":[-1,-0.35],"offset":0,"temperature":[-0.15,0.2],"weirdness":[-0.4,-0.2666]}},{"biome":"minecraft:beach","parameters":{"continentalness":[-0.19,-0.11],"depth":1,"erosion":[0.05,0.45],"humidity":[-1,-0.35],"offset":0,"temperature":[-0.15,0.2],"weirdness":[-0.4,-0.2666]}},{"biome":"minecraft:beach","parameters":{"continentalness":[-0.19,-0.11],"depth":0,"erosion":[0.45,0.55],"humidity":[-1,-0.35],"offset":0,"temperature":[-0.15,0.2],"weirdness":[-0.4,-0.2666]}},{"biome":"minecraft:beach","parameters":{"continentalness":[-0.19,-0.11],"depth":1,"erosion":[0.45,0.55],"humidity":[-1,-0.35],"offset":0,"temperature":[-0.15,0.2],"weirdness":[-0.4,-0.2666]}},{"biome":"minecraft:beach","parameters":{"continentalness":[-0.19,-0.11],"depth":0,"erosion":[0.55,1],"humidity":[-1,-0.35],"offset":0,"temperature":[-0.15,0.2],"weirdness":[-0.4,-0.2666]}},{"biome":"minecraft:beach","parameters":{"continentalness":[-0.19,-0.11],"depth":1,"erosion":[0.55,1],"humidity":[-1,-0.35],"offset":0,"temperature":[-0.15,0.2],"weirdness":[-0.4,-0.2666]}},{"biome":"minecraft:beach","parameters":{"continentalness":[-0.19,-0.11],"depth":0,"erosion":[0.05,0.45],"humidity":[-0.35,-0.1],"offset":0,"temperature":[-0.15,0.2],"weirdness":[-0.4,-0.2666]}},{"biome":"minecraft:beach","parameters":{"continentalness":[-0.19,-0.11],"depth":1,"erosion":[0.05,0.45],"humidity":[-0.35,-0.1],"offset":0,"temperature":[-0.15,0.2],"weirdness":[-0.4,-0.2666]}},{"biome":"minecraft:beach","parameters":{"continentalness":[-0.19,-0.11],"depth":0,"erosion":[0.45,0.55],"humidity":[-0.35,-0.1],"offset":0,"temperature":[-0.15,0.2],"weirdness":[-0.4,-0.2666]}},{"biome":"minecraft:beach","parameters":{"continentalness":[-0.19,-0.11],"depth":1,"erosion":[0.45,0.55],"humidity":[-0.35,-0.1],"offset":0,"temperature":[-0.15,0.2],"weirdness":[-0.4,-0.2666]}},{"biome":"minecraft:beach","parameters":{"continentalness":[-0.19,-0.11],"depth":0,"erosion":[0.55,1],"humidity":[-0.35,-0.1],"offset":0,"temperature":[-0.15,0.2],"weirdness":[-0.4,-0.2666]}},{"biome":"minecraft:beach","parameters":{"continentalness":[-0.19,-0.11],"depth":1,"erosion":[0.55,1],"humidity":[-0.35,-0.1],"offset":0,"temperature":[-0.15,0.2],"weirdness":[-0.4,-0.2666]}},{"biome":"minecraft:beach","parameters":{"continentalness":[-0.19,-0.11],"depth":0,"erosion":[0.05,0.45],"humidity":[-0.1,0.1],"offset":0,"temperature":[-0.15,0.2],"weirdness":[-0.4,-0.2666]}},{"biome":"minecraft:beach","parameters":{"continentalness":[-0.19,-0.11],"depth":1,"erosion":[0.05,0.45],"humidity":[-0.1,0.1],"offset":0,"temperature":[-0.15,0.2],"weirdness":[-0.4,-0.2666]}},{"biome":"minecraft:beach","parameters":{"continentalness":[-0.19,-0.11],"depth":0,"erosion":[0.45,0.55],"humidity":[-0.1,0.1],"offset":0,"temperature":[-0.15,0.2],"weirdness":[-0.4,-0.2666]}},{"biome":"minecraft:beach","parameters":{"continentalness":[-0.19,-0.11],"depth":1,"erosion":[0.45,0.55],"humidity":[-0.1,0.1],"offset":0,"temperature":[-0.15,0.2],"weirdness":[-0.4,-0.2666]}},{"biome":"minecraft:beach","parameters":{"continentalness":[-0.19,-0.11],"depth":0,"erosion":[0.55,1],"humidity":[-0.1,0.1],"offset":0,"temperature":[-0.15,0.2],"weirdness":[-0.4,-0.2666]}},{"biome":"minecraft:beach","parameters":{"continentalness":[-0.19,-0.11],"depth":1,"erosion":[0.55,1],"humidity":[-0.1,0.1],"offset":0,"temperature":[-0.15,0.2],"weirdness":[-0.4,-0.2666]}},{"biome":"minecraft:beach","parameters":{"continentalness":[-0.19,-0.11],"depth":0,"erosion":[0.05,0.45],"humidity":[0.1,0.3],"offset":0,"temperature":[-0.15,0.2],"weirdness":[-0.4,-0.2666]}},{"biome":"minecraft:beach","parameters":{"continentalness":[-0.19,-0.11],"depth":1,"erosion":[0.05,0.45],"humidity":[0.1,0.3],"offset":0,"temperature":[-0.15,0.2],"weirdness":[-0.4,-0.2666]}},{"biome":"minecraft:beach","parameters":{"continentalness":[-0.19,-0.11],"depth":0,"erosion":[0.45,0.55],"humidity":[0.1,0.3],"offset":0,"temperature":[-0.15,0.2],"weirdness":[-0.4,-0.2666]}},{"biome":"minecraft:beach","parameters":{"continentalness":[-0.19,-0.11],"depth":1,"erosion":[0.45,0.55],"humidity":[0.1,0.3],"offset":0,"temperature":[-0.15,0.2],"weirdness":[-0.4,-0.2666]}},{"biome":"minecraft:beach","parameters":{"continentalness":[-0.19,-0.11],"depth":0,"erosion":[0.55,1],"humidity":[0.1,0.3],"offset":0,"temperature":[-0.15,0.2],"weirdness":[-0.4,-0.2666]}},{"biome":"minecraft:beach","parameters":{"continentalness":[-0.19,-0.11],"depth":1,"erosion":[0.55,1],"humidity":[0.1,0.3],"offset":0,"temperature":[-0.15,0.2],"weirdness":[-0.4,-0.2666]}},{"biome":"minecraft:beach","parameters":{"continentalness":[-0.19,-0.11],"depth":0,"erosion":[0.05,0.45],"humidity":[0.3,1],"offset":0,"temperature":[-0.15,0.2],"weirdness":[-0.4,-0.2666]}},{"biome":"minecraft:beach","parameters":{"continentalness":[-0.19,-0.11],"depth":1,"erosion":[0.05,0.45],"humidity":[0.3,1],"offset":0,"temperature":[-0.15,0.2],"weirdness":[-0.4,-0.2666]}},{"biome":"minecraft:beach","parameters":{"continentalness":[-0.19,-0.11],"depth":0,"erosion":[0.45,0.55],"humidity":[0.3,1],"offset":0,"temperature":[-0.15,0.2],"weirdness":[-0.4,-0.2666]}},{"biome":"minecraft:beach","parameters":{"continentalness":[-0.19,-0.11],"depth":1,"erosion":[0.45,0.55],"humidity":[0.3,1],"offset":0,"temperature":[-0.15,0.2],"weirdness":[-0.4,-0.2666]}},{"biome":"minecraft:beach","parameters":{"continentalness":[-0.19,-0.11],"depth":0,"erosion":[0.55,1],"humidity":[0.3,1],"offset":0,"temperature":[-0.15,0.2],"weirdness":[-0.4,-0.2666]}},{"biome":"minecraft:beach","parameters":{"continentalness":[-0.19,-0.11],"depth":1,"erosion":[0.55,1],"humidity":[0.3,1],"offset":0,"temperature":[-0.15,0.2],"weirdness":[-0.4,-0.2666]}},{"biome":"minecraft:beach","parameters":{"continentalness":[-0.19,-0.11],"depth":0,"erosion":[0.05,0.45],"humidity":[-1,-0.35],"offset":0,"temperature":[0.2,0.55],"weirdness":[-0.4,-0.2666]}},{"biome":"minecraft:beach","parameters":{"continentalness":[-0.19,-0.11],"depth":1,"erosion":[0.05,0.45],"humidity":[-1,-0.35],"offset":0,"temperature":[0.2,0.55],"weirdness":[-0.4,-0.2666]}},{"biome":"minecraft:beach","parameters":{"continentalness":[-0.19,-0.11],"depth":0,"erosion":[0.45,0.55],"humidity":[-1,-0.35],"offset":0,"temperature":[0.2,0.55],"weirdness":[-0.4,-0.2666]}},{"biome":"minecraft:beach","parameters":{"continentalness":[-0.19,-0.11],"depth":1,"erosion":[0.45,0.55],"humidity":[-1,-0.35],"offset":0,"temperature":[0.2,0.55],"weirdness":[-0.4,-0.2666]}},{"biome":"minecraft:beach","parameters":{"continentalness":[-0.19,-0.11],"depth":0,"erosion":[0.55,1],"humidity":[-1,-0.35],"offset":0,"temperature":[0.2,0.55],"weirdness":[-0.4,-0.2666]}},{"biome":"minecraft:beach","parameters":{"continentalness":[-0.19,-0.11],"depth":1,"erosion":[0.55,1],"humidity":[-1,-0.35],"offset":0,"temperature":[0.2,0.55],"weirdness":[-0.4,-0.2666]}},{"biome":"minecraft:beach","parameters":{"continentalness":[-0.19,-0.11],"depth":0,"erosion":[0.05,0.45],"humidity":[-0.35,-0.1],"offset":0,"temperature":[0.2,0.55],"weirdness":[-0.4,-0.2666]}},{"biome":"minecraft:beach","parameters":{"continentalness":[-0.19,-0.11],"depth":1,"erosion":[0.05,0.45],"humidity":[-0.35,-0.1],"offset":0,"temperature":[0.2,0.55],"weirdness":[-0.4,-0.2666]}},{"biome":"minecraft:beach","parameters":{"continentalness":[-0.19,-0.11],"depth":0,"erosion":[0.45,0.55],"humidity":[-0.35,-0.1],"offset":0,"temperature":[0.2,0.55],"weirdness":[-0.4,-0.2666]}},{"biome":"minecraft:beach","parameters":{"continentalness":[-0.19,-0.11],"depth":1,"erosion":[0.45,0.55],"humidity":[-0.35,-0.1],"offset":0,"temperature":[0.2,0.55],"weirdness":[-0.4,-0.2666]}},{"biome":"minecraft:beach","parameters":{"continentalness":[-0.19,-0.11],"depth":0,"erosion":[0.55,1],"humidity":[-0.35,-0.1],"offset":0,"temperature":[0.2,0.55],"weirdness":[-0.4,-0.2666]}},{"biome":"minecraft:beach","parameters":{"continentalness":[-0.19,-0.11],"depth":1,"erosion":[0.55,1],"humidity":[-0.35,-0.1],"offset":0,"temperature":[0.2,0.55],"weirdness":[-0.4,-0.2666]}},{"biome":"minecraft:beach","parameters":{"continentalness":[-0.19,-0.11],"depth":0,"erosion":[0.05,0.45],"humidity":[-0.1,0.1],"offset":0,"temperature":[0.2,0.55],"weirdness":[-0.4,-0.2666]}},{"biome":"minecraft:beach","parameters":{"continentalness":[-0.19,-0.11],"depth":1,"erosion":[0.05,0.45],"humidity":[-0.1,0.1],"offset":0,"temperature":[0.2,0.55],"weirdness":[-0.4,-0.2666]}},{"biome":"minecraft:beach","parameters":{"continentalness":[-0.19,-0.11],"depth":0,"erosion":[0.45,0.55],"humidity":[-0.1,0.1],"offset":0,"temperature":[0.2,0.55],"weirdness":[-0.4,-0.2666]}},{"biome":"minecraft:beach","parameters":{"continentalness":[-0.19,-0.11],"depth":1,"erosion":[0.45,0.55],"humidity":[-0.1,0.1],"offset":0,"temperature":[0.2,0.55],"weirdness":[-0.4,-0.2666]}},{"biome":"minecraft:beach","parameters":{"continentalness":[-0.19,-0.11],"depth":0,"erosion":[0.55,1],"humidity":[-0.1,0.1],"offset":0,"temperature":[0.2,0.55],"weirdness":[-0.4,-0.2666]}},{"biome":"minecraft:beach","parameters":{"continentalness":[-0.19,-0.11],"depth":1,"erosion":[0.55,1],"humidity":[-0.1,0.1],"offset":0,"temperature":[0.2,0.55],"weirdness":[-0.4,-0.2666]}},{"biome":"minecraft:beach","parameters":{"continentalness":[-0.19,-0.11],"depth":0,"erosion":[0.05,0.45],"humidity":[0.1,0.3],"offset":0,"temperature":[0.2,0.55],"weirdness":[-0.4,-0.2666]}},{"biome":"minecraft:beach","parameters":{"continentalness":[-0.19,-0.11],"depth":1,"erosion":[0.05,0.45],"humidity":[0.1,0.3],"offset":0,"temperature":[0.2,0.55],"weirdness":[-0.4,-0.2666]}},{"biome":"minecraft:beach","parameters":{"continentalness":[-0.19,-0.11],"depth":0,"erosion":[0.45,0.55],"humidity":[0.1,0.3],"offset":0,"temperature":[0.2,0.55],"weirdness":[-0.4,-0.2666]}},{"biome":"minecraft:beach","parameters":{"continentalness":[-0.19,-0.11],"depth":1,"erosion":[0.45,0.55],"humidity":[0.1,0.3],"offset":0,"temperature":[0.2,0.55],"weirdness":[-0.4,-0.2666]}},{"biome":"minecraft:beach","parameters":{"continentalness":[-0.19,-0.11],"depth":0,"erosion":[0.55,1],"humidity":[0.1,0.3],"offset":0,"temperature":[0.2,0.55],"weirdness":[-0.4,-0.2666]}},{"biome":"minecraft:beach","parameters":{"continentalness":[-0.19,-0.11],"depth":1,"erosion":[0.55,1],"humidity":[0.1,0.3],"offset":0,"temperature":[0.2,0.55],"weirdness":[-0.4,-0.2666]}},{"biome":"minecraft:beach","parameters":{"continentalness":[-0.19,-0.11],"depth":0,"erosion":[0.05,0.45],"humidity":[0.3,1],"offset":0,"temperature":[0.2,0.55],"weirdness":[-0.4,-0.2666]}},{"biome":"minecraft:beach","parameters":{"continentalness":[-0.19,-0.11],"depth":1,"erosion":[0.05,0.45],"humidity":[0.3,1],"offset":0,"temperature":[0.2,0.55],"weirdness":[-0.4,-0.2666]}},{"biome":"minecraft:beach","parameters":{"continentalness":[-0.19,-0.11],"depth":0,"erosion":[0.45,0.55],"humidity":[0.3,1],"offset":0,"temperature":[0.2,0.55],"weirdness":[-0.4,-0.2666]}},{"biome":"minecraft:beach","parameters":{"continentalness":[-0.19,-0.11],"depth":1,"erosion":[0.45,0.55],"humidity":[0.3,1],"offset":0,"temperature":[0.2,0.55],"weirdness":[-0.4,-0.2666]}},{"biome":"minecraft:beach","parameters":{"continentalness":[-0.19,-0.11],"depth":0,"erosion":[0.55,1],"humidity":[0.3,1],"offset":0,"temperature":[0.2,0.55],"weirdness":[-0.4,-0.2666]}},{"biome":"minecraft:beach","parameters":{"continentalness":[-0.19,-0.11],"depth":1,"erosion":[0.55,1],"humidity":[0.3,1],"offset":0,"temperature":[0.2,0.55],"weirdness":[-0.4,-0.2666]}},{"biome":"minecraft:beach","parameters":{"continentalness":[-0.19,-0.11],"depth":0,"erosion":[-0.2225,0.45],"humidity":[-1,-0.35],"offset":0,"temperature":[-0.45,-0.15],"weirdness":[-0.2666,-0.05]}},{"biome":"minecraft:beach","parameters":{"continentalness":[-0.19,-0.11],"depth":1,"erosion":[-0.2225,0.45],"humidity":[-1,-0.35],"offset":0,"temperature":[-0.45,-0.15],"weirdness":[-0.2666,-0.05]}},{"biome":"minecraft:beach","parameters":{"continentalness":[-0.19,-0.11],"depth":0,"erosion":[0.45,0.55],"humidity":[-1,-0.35],"offset":0,"temperature":[-0.45,-0.15],"weirdness":[-0.2666,-0.05]}},{"biome":"minecraft:beach","parameters":{"continentalness":[-0.19,-0.11],"depth":1,"erosion":[0.45,0.55],"humidity":[-1,-0.35],"offset":0,"temperature":[-0.45,-0.15],"weirdness":[-0.2666,-0.05]}},{"biome":"minecraft:beach","parameters":{"continentalness":[-0.19,-0.11],"depth":0,"erosion":[0.55,1],"humidity":[-1,-0.35],"offset":0,"temperature":[-0.45,-0.15],"weirdness":[-0.2666,-0.05]}},{"biome":"minecraft:beach","parameters":{"continentalness":[-0.19,-0.11],"depth":1,"erosion":[0.55,1],"humidity":[-1,-0.35],"offset":0,"temperature":[-0.45,-0.15],"weirdness":[-0.2666,-0.05]}},{"biome":"minecraft:beach","parameters":{"continentalness":[-0.19,-0.11],"depth":0,"erosion":[-0.2225,0.45],"humidity":[-0.35,-0.1],"offset":0,"temperature":[-0.45,-0.15],"weirdness":[-0.2666,-0.05]}},{"biome":"minecraft:beach","parameters":{"continentalness":[-0.19,-0.11],"depth":1,"erosion":[-0.2225,0.45],"humidity":[-0.35,-0.1],"offset":0,"temperature":[-0.45,-0.15],"weirdness":[-0.2666,-0.05]}},{"biome":"minecraft:beach","parameters":{"continentalness":[-0.19,-0.11],"depth":0,"erosion":[0.45,0.55],"humidity":[-0.35,-0.1],"offset":0,"temperature":[-0.45,-0.15],"weirdness":[-0.2666,-0.05]}},{"biome":"minecraft:beach","parameters":{"continentalness":[-0.19,-0.11],"depth":1,"erosion":[0.45,0.55],"humidity":[-0.35,-0.1],"offset":0,"temperature":[-0.45,-0.15],"weirdness":[-0.2666,-0.05]}},{"biome":"minecraft:beach","parameters":{"continentalness":[-0.19,-0.11],"depth":0,"erosion":[0.55,1],"humidity":[-0.35,-0.1],"offset":0,"temperature":[-0.45,-0.15],"weirdness":[-0.2666,-0.05]}},{"biome":"minecraft:beach","parameters":{"continentalness":[-0.19,-0.11],"depth":1,"erosion":[0.55,1],"humidity":[-0.35,-0.1],"offset":0,"temperature":[-0.45,-0.15],"weirdness":[-0.2666,-0.05]}},{"biome":"minecraft:beach","parameters":{"continentalness":[-0.19,-0.11],"depth":0,"erosion":[-0.2225,0.45],"humidity":[-0.1,0.1],"offset":0,"temperature":[-0.45,-0.15],"weirdness":[-0.2666,-0.05]}},{"biome":"minecraft:beach","parameters":{"continentalness":[-0.19,-0.11],"depth":1,"erosion":[-0.2225,0.45],"humidity":[-0.1,0.1],"offset":0,"temperature":[-0.45,-0.15],"weirdness":[-0.2666,-0.05]}},{"biome":"minecraft:beach","parameters":{"continentalness":[-0.19,-0.11],"depth":0,"erosion":[0.45,0.55],"humidity":[-0.1,0.1],"offset":0,"temperature":[-0.45,-0.15],"weirdness":[-0.2666,-0.05]}},{"biome":"minecraft:beach","parameters":{"continentalness":[-0.19,-0.11],"depth":1,"erosion":[0.45,0.55],"humidity":[-0.1,0.1],"offset":0,"temperature":[-0.45,-0.15],"weirdness":[-0.2666,-0.05]}},{"biome":"minecraft:beach","parameters":{"continentalness":[-0.19,-0.11],"depth":0,"erosion":[0.55,1],"humidity":[-0.1,0.1],"offset":0,"temperature":[-0.45,-0.15],"weirdness":[-0.2666,-0.05]}},{"biome":"minecraft:beach","parameters":{"continentalness":[-0.19,-0.11],"depth":1,"erosion":[0.55,1],"humidity":[-0.1,0.1],"offset":0,"temperature":[-0.45,-0.15],"weirdness":[-0.2666,-0.05]}},{"biome":"minecraft:beach","parameters":{"continentalness":[-0.19,-0.11],"depth":0,"erosion":[-0.2225,0.45],"humidity":[0.1,0.3],"offset":0,"temperature":[-0.45,-0.15],"weirdness":[-0.2666,-0.05]}},{"biome":"minecraft:beach","parameters":{"continentalness":[-0.19,-0.11],"depth":1,"erosion":[-0.2225,0.45],"humidity":[0.1,0.3],"offset":0,"temperature":[-0.45,-0.15],"weirdness":[-0.2666,-0.05]}},{"biome":"minecraft:beach","parameters":{"continentalness":[-0.19,-0.11],"depth":0,"erosion":[0.45,0.55],"humidity":[0.1,0.3],"offset":0,"temperature":[-0.45,-0.15],"weirdness":[-0.2666,-0.05]}},{"biome":"minecraft:beach","parameters":{"continentalness":[-0.19,-0.11],"depth":1,"erosion":[0.45,0.55],"humidity":[0.1,0.3],"offset":0,"temperature":[-0.45,-0.15],"weirdness":[-0.2666,-0.05]}},{"biome":"minecraft:beach","parameters":{"continentalness":[-0.19,-0.11],"depth":0,"erosion":[0.55,1],"humidity":[0.1,0.3],"offset":0,"temperature":[-0.45,-0.15],"weirdness":[-0.2666,-0.05]}},{"biome":"minecraft:beach","parameters":{"continentalness":[-0.19,-0.11],"depth":1,"erosion":[0.55,1],"humidity":[0.1,0.3],"offset":0,"temperature":[-0.45,-0.15],"weirdness":[-0.2666,-0.05]}},{"biome":"minecraft:beach","parameters":{"continentalness":[-0.19,-0.11],"depth":0,"erosion":[-0.2225,0.45],"humidity":[0.3,1],"offset":0,"temperature":[-0.45,-0.15],"weirdness":[-0.2666,-0.05]}},{"biome":"minecraft:beach","parameters":{"continentalness":[-0.19,-0.11],"depth":1,"erosion":[-0.2225,0.45],"humidity":[0.3,1],"offset":0,"temperature":[-0.45,-0.15],"weirdness":[-0.2666,-0.05]}},{"biome":"minecraft:beach","parameters":{"continentalness":[-0.19,-0.11],"depth":0,"erosion":[0.45,0.55],"humidity":[0.3,1],"offset":0,"temperature":[-0.45,-0.15],"weirdness":[-0.2666,-0.05]}},{"biome":"minecraft:beach","parameters":{"continentalness":[-0.19,-0.11],"depth":1,"erosion":[0.45,0.55],"humidity":[0.3,1],"offset":0,"temperature":[-0.45,-0.15],"weirdness":[-0.2666,-0.05]}},{"biome":"minecraft:beach","parameters":{"continentalness":[-0.19,-0.11],"depth":0,"erosion":[0.55,1],"humidity":[0.3,1],"offset":0,"temperature":[-0.45,-0.15],"weirdness":[-0.2666,-0.05]}},{"biome":"minecraft:beach","parameters":{"continentalness":[-0.19,-0.11],"depth":1,"erosion":[0.55,1],"humidity":[0.3,1],"offset":0,"temperature":[-0.45,-0.15],"weirdness":[-0.2666,-0.05]}},{"biome":"minecraft:beach","parameters":{"continentalness":[-0.19,-0.11],"depth":0,"erosion":[-0.2225,0.45],"humidity":[-1,-0.35],"offset":0,"temperature":[-0.15,0.2],"weirdness":[-0.2666,-0.05]}},{"biome":"minecraft:beach","parameters":{"continentalness":[-0.19,-0.11],"depth":1,"erosion":[-0.2225,0.45],"humidity":[-1,-0.35],"offset":0,"temperature":[-0.15,0.2],"weirdness":[-0.2666,-0.05]}},{"biome":"minecraft:beach","parameters":{"continentalness":[-0.19,-0.11],"depth":0,"erosion":[0.45,0.55],"humidity":[-1,-0.35],"offset":0,"temperature":[-0.15,0.2],"weirdness":[-0.2666,-0.05]}},{"biome":"minecraft:beach","parameters":{"continentalness":[-0.19,-0.11],"depth":1,"erosion":[0.45,0.55],"humidity":[-1,-0.35],"offset":0,"temperature":[-0.15,0.2],"weirdness":[-0.2666,-0.05]}},{"biome":"minecraft:beach","parameters":{"continentalness":[-0.19,-0.11],"depth":0,"erosion":[0.55,1],"humidity":[-1,-0.35],"offset":0,"temperature":[-0.15,0.2],"weirdness":[-0.2666,-0.05]}},{"biome":"minecraft:beach","parameters":{"continentalness":[-0.19,-0.11],"depth":1,"erosion":[0.55,1],"humidity":[-1,-0.35],"offset":0,"temperature":[-0.15,0.2],"weirdness":[-0.2666,-0.05]}},{"biome":"minecraft:beach","parameters":{"continentalness":[-0.19,-0.11],"depth":0,"erosion":[-0.2225,0.45],"humidity":[-0.35,-0.1],"offset":0,"temperature":[-0.15,0.2],"weirdness":[-0.2666,-0.05]}},{"biome":"minecraft:beach","parameters":{"continentalness":[-0.19,-0.11],"depth":1,"erosion":[-0.2225,0.45],"humidity":[-0.35,-0.1],"offset":0,"temperature":[-0.15,0.2],"weirdness":[-0.2666,-0.05]}},{"biome":"minecraft:beach","parameters":{"continentalness":[-0.19,-0.11],"depth":0,"erosion":[0.45,0.55],"humidity":[-0.35,-0.1],"offset":0,"temperature":[-0.15,0.2],"weirdness":[-0.2666,-0.05]}},{"biome":"minecraft:beach","parameters":{"continentalness":[-0.19,-0.11],"depth":1,"erosion":[0.45,0.55],"humidity":[-0.35,-0.1],"offset":0,"temperature":[-0.15,0.2],"weirdness":[-0.2666,-0.05]}},{"biome":"minecraft:beach","parameters":{"continentalness":[-0.19,-0.11],"depth":0,"erosion":[0.55,1],"humidity":[-0.35,-0.1],"offset":0,"temperature":[-0.15,0.2],"weirdness":[-0.2666,-0.05]}},{"biome":"minecraft:beach","parameters":{"continentalness":[-0.19,-0.11],"depth":1,"erosion":[0.55,1],"humidity":[-0.35,-0.1],"offset":0,"temperature":[-0.15,0.2],"weirdness":[-0.2666,-0.05]}},{"biome":"minecraft:beach","parameters":{"continentalness":[-0.19,-0.11],"depth":0,"erosion":[-0.2225,0.45],"humidity":[-0.1,0.1],"offset":0,"temperature":[-0.15,0.2],"weirdness":[-0.2666,-0.05]}},{"biome":"minecraft:beach","parameters":{"continentalness":[-0.19,-0.11],"depth":1,"erosion":[-0.2225,0.45],"humidity":[-0.1,0.1],"offset":0,"temperature":[-0.15,0.2],"weirdness":[-0.2666,-0.05]}},{"biome":"minecraft:beach","parameters":{"continentalness":[-0.19,-0.11],"depth":0,"erosion":[0.45,0.55],"humidity":[-0.1,0.1],"offset":0,"temperature":[-0.15,0.2],"weirdness":[-0.2666,-0.05]}},{"biome":"minecraft:beach","parameters":{"continentalness":[-0.19,-0.11],"depth":1,"erosion":[0.45,0.55],"humidity":[-0.1,0.1],"offset":0,"temperature":[-0.15,0.2],"weirdness":[-0.2666,-0.05]}},{"biome":"minecraft:beach","parameters":{"continentalness":[-0.19,-0.11],"depth":0,"erosion":[0.55,1],"humidity":[-0.1,0.1],"offset":0,"temperature":[-0.15,0.2],"weirdness":[-0.2666,-0.05]}},{"biome":"minecraft:beach","parameters":{"continentalness":[-0.19,-0.11],"depth":1,"erosion":[0.55,1],"humidity":[-0.1,0.1],"offset":0,"temperature":[-0.15,0.2],"weirdness":[-0.2666,-0.05]}},{"biome":"minecraft:beach","parameters":{"continentalness":[-0.19,-0.11],"depth":0,"erosion":[-0.2225,0.45],"humidity":[0.1,0.3],"offset":0,"temperature":[-0.15,0.2],"weirdness":[-0.2666,-0.05]}},{"biome":"minecraft:beach","parameters":{"continentalness":[-0.19,-0.11],"depth":1,"erosion":[-0.2225,0.45],"humidity":[0.1,0.3],"offset":0,"temperature":[-0.15,0.2],"weirdness":[-0.2666,-0.05]}},{"biome":"minecraft:beach","parameters":{"continentalness":[-0.19,-0.11],"depth":0,"erosion":[0.45,0.55],"humidity":[0.1,0.3],"offset":0,"temperature":[-0.15,0.2],"weirdness":[-0.2666,-0.05]}},{"biome":"minecraft:beach","parameters":{"continentalness":[-0.19,-0.11],"depth":1,"erosion":[0.45,0.55],"humidity":[0.1,0.3],"offset":0,"temperature":[-0.15,0.2],"weirdness":[-0.2666,-0.05]}},{"biome":"minecraft:beach","parameters":{"continentalness":[-0.19,-0.11],"depth":0,"erosion":[0.55,1],"humidity":[0.1,0.3],"offset":0,"temperature":[-0.15,0.2],"weirdness":[-0.2666,-0.05]}},{"biome":"minecraft:beach","parameters":{"continentalness":[-0.19,-0.11],"depth":1,"erosion":[0.55,1],"humidity":[0.1,0.3],"offset":0,"temperature":[-0.15,0.2],"weirdness":[-0.2666,-0.05]}},{"biome":"minecraft:beach","parameters":{"continentalness":[-0.19,-0.11],"depth":0,"erosion":[-0.2225,0.45],"humidity":[0.3,1],"offset":0,"temperature":[-0.15,0.2],"weirdness":[-0.2666,-0.05]}},{"biome":"minecraft:beach","parameters":{"continentalness":[-0.19,-0.11],"depth":1,"erosion":[-0.2225,0.45],"humidity":[0.3,1],"offset":0,"temperature":[-0.15,0.2],"weirdness":[-0.2666,-0.05]}},{"biome":"minecraft:beach","parameters":{"continentalness":[-0.19,-0.11],"depth":0,"erosion":[0.45,0.55],"humidity":[0.3,1],"offset":0,"temperature":[-0.15,0.2],"weirdness":[-0.2666,-0.05]}},{"biome":"minecraft:beach","parameters":{"continentalness":[-0.19,-0.11],"depth":1,"erosion":[0.45,0.55],"humidity":[0.3,1],"offset":0,"temperature":[-0.15,0.2],"weirdness":[-0.2666,-0.05]}},{"biome":"minecraft:beach","parameters":{"continentalness":[-0.19,-0.11],"depth":0,"erosion":[0.55,1],"humidity":[0.3,1],"offset":0,"temperature":[-0.15,0.2],"weirdness":[-0.2666,-0.05]}},{"biome":"minecraft:beach","parameters":{"continentalness":[-0.19,-0.11],"depth":1,"erosion":[0.55,1],"humidity":[0.3,1],"offset":0,"temperature":[-0.15,0.2],"weirdness":[-0.2666,-0.05]}},{"biome":"minecraft:beach","parameters":{"continentalness":[-0.19,-0.11],"depth":0,"erosion":[-0.2225,0.45],"humidity":[-1,-0.35],"offset":0,"temperature":[0.2,0.55],"weirdness":[-0.2666,-0.05]}},{"biome":"minecraft:beach","parameters":{"continentalness":[-0.19,-0.11],"depth":1,"erosion":[-0.2225,0.45],"humidity":[-1,-0.35],"offset":0,"temperature":[0.2,0.55],"weirdness":[-0.2666,-0.05]}},{"biome":"minecraft:beach","parameters":{"continentalness":[-0.19,-0.11],"depth":0,"erosion":[0.45,0.55],"humidity":[-1,-0.35],"offset":0,"temperature":[0.2,0.55],"weirdness":[-0.2666,-0.05]}},{"biome":"minecraft:beach","parameters":{"continentalness":[-0.19,-0.11],"depth":1,"erosion":[0.45,0.55],"humidity":[-1,-0.35],"offset":0,"temperature":[0.2,0.55],"weirdness":[-0.2666,-0.05]}},{"biome":"minecraft:beach","parameters":{"continentalness":[-0.19,-0.11],"depth":0,"erosion":[0.55,1],"humidity":[-1,-0.35],"offset":0,"temperature":[0.2,0.55],"weirdness":[-0.2666,-0.05]}},{"biome":"minecraft:beach","parameters":{"continentalness":[-0.19,-0.11],"depth":1,"erosion":[0.55,1],"humidity":[-1,-0.35],"offset":0,"temperature":[0.2,0.55],"weirdness":[-0.2666,-0.05]}},{"biome":"minecraft:beach","parameters":{"continentalness":[-0.19,-0.11],"depth":0,"erosion":[-0.2225,0.45],"humidity":[-0.35,-0.1],"offset":0,"temperature":[0.2,0.55],"weirdness":[-0.2666,-0.05]}},{"biome":"minecraft:beach","parameters":{"continentalness":[-0.19,-0.11],"depth":1,"erosion":[-0.2225,0.45],"humidity":[-0.35,-0.1],"offset":0,"temperature":[0.2,0.55],"weirdness":[-0.2666,-0.05]}},{"biome":"minecraft:beach","parameters":{"continentalness":[-0.19,-0.11],"depth":0,"erosion":[0.45,0.55],"humidity":[-0.35,-0.1],"offset":0,"temperature":[0.2,0.55],"weirdness":[-0.2666,-0.05]}},{"biome":"minecraft:beach","parameters":{"continentalness":[-0.19,-0.11],"depth":1,"erosion":[0.45,0.55],"humidity":[-0.35,-0.1],"offset":0,"temperature":[0.2,0.55],"weirdness":[-0.2666,-0.05]}},{"biome":"minecraft:beach","parameters":{"continentalness":[-0.19,-0.11],"depth":0,"erosion":[0.55,1],"humidity":[-0.35,-0.1],"offset":0,"temperature":[0.2,0.55],"weirdness":[-0.2666,-0.05]}},{"biome":"minecraft:beach","parameters":{"continentalness":[-0.19,-0.11],"depth":1,"erosion":[0.55,1],"humidity":[-0.35,-0.1],"offset":0,"temperature":[0.2,0.55],"weirdness":[-0.2666,-0.05]}},{"biome":"minecraft:beach","parameters":{"continentalness":[-0.19,-0.11],"depth":0,"erosion":[-0.2225,0.45],"humidity":[-0.1,0.1],"offset":0,"temperature":[0.2,0.55],"weirdness":[-0.2666,-0.05]}},{"biome":"minecraft:beach","parameters":{"continentalness":[-0.19,-0.11],"depth":1,"erosion":[-0.2225,0.45],"humidity":[-0.1,0.1],"offset":0,"temperature":[0.2,0.55],"weirdness":[-0.2666,-0.05]}},{"biome":"minecraft:beach","parameters":{"continentalness":[-0.19,-0.11],"depth":0,"erosion":[0.45,0.55],"humidity":[-0.1,0.1],"offset":0,"temperature":[0.2,0.55],"weirdness":[-0.2666,-0.05]}},{"biome":"minecraft:beach","parameters":{"continentalness":[-0.19,-0.11],"depth":1,"erosion":[0.45,0.55],"humidity":[-0.1,0.1],"offset":0,"temperature":[0.2,0.55],"weirdness":[-0.2666,-0.05]}},{"biome":"minecraft:beach","parameters":{"continentalness":[-0.19,-0.11],"depth":0,"erosion":[0.55,1],"humidity":[-0.1,0.1],"offset":0,"temperature":[0.2,0.55],"weirdness":[-0.2666,-0.05]}},{"biome":"minecraft:beach","parameters":{"continentalness":[-0.19,-0.11],"depth":1,"erosion":[0.55,1],"humidity":[-0.1,0.1],"offset":0,"temperature":[0.2,0.55],"weirdness":[-0.2666,-0.05]}},{"biome":"minecraft:beach","parameters":{"continentalness":[-0.19,-0.11],"depth":0,"erosion":[-0.2225,0.45],"humidity":[0.1,0.3],"offset":0,"temperature":[0.2,0.55],"weirdness":[-0.2666,-0.05]}},{"biome":"minecraft:beach","parameters":{"continentalness":[-0.19,-0.11],"depth":1,"erosion":[-0.2225,0.45],"humidity":[0.1,0.3],"offset":0,"temperature":[0.2,0.55],"weirdness":[-0.2666,-0.05]}},{"biome":"minecraft:beach","parameters":{"continentalness":[-0.19,-0.11],"depth":0,"erosion":[0.45,0.55],"humidity":[0.1,0.3],"offset":0,"temperature":[0.2,0.55],"weirdness":[-0.2666,-0.05]}},{"biome":"minecraft:beach","parameters":{"continentalness":[-0.19,-0.11],"depth":1,"erosion":[0.45,0.55],"humidity":[0.1,0.3],"offset":0,"temperature":[0.2,0.55],"weirdness":[-0.2666,-0.05]}},{"biome":"minecraft:beach","parameters":{"continentalness":[-0.19,-0.11],"depth":0,"erosion":[0.55,1],"humidity":[0.1,0.3],"offset":0,"temperature":[0.2,0.55],"weirdness":[-0.2666,-0.05]}},{"biome":"minecraft:beach","parameters":{"continentalness":[-0.19,-0.11],"depth":1,"erosion":[0.55,1],"humidity":[0.1,0.3],"offset":0,"temperature":[0.2,0.55],"weirdness":[-0.2666,-0.05]}},{"biome":"minecraft:beach","parameters":{"continentalness":[-0.19,-0.11],"depth":0,"erosion":[-0.2225,0.45],"humidity":[0.3,1],"offset":0,"temperature":[0.2,0.55],"weirdness":[-0.2666,-0.05]}},{"biome":"minecraft:beach","parameters":{"continentalness":[-0.19,-0.11],"depth":1,"erosion":[-0.2225,0.45],"humidity":[0.3,1],"offset":0,"temperature":[0.2,0.55],"weirdness":[-0.2666,-0.05]}},{"biome":"minecraft:beach","parameters":{"continentalness":[-0.19,-0.11],"depth":0,"erosion":[0.45,0.55],"humidity":[0.3,1],"offset":0,"temperature":[0.2,0.55],"weirdness":[-0.2666,-0.05]}},{"biome":"minecraft:beach","parameters":{"continentalness":[-0.19,-0.11],"depth":1,"erosion":[0.45,0.55],"humidity":[0.3,1],"offset":0,"temperature":[0.2,0.55],"weirdness":[-0.2666,-0.05]}},{"biome":"minecraft:beach","parameters":{"continentalness":[-0.19,-0.11],"depth":0,"erosion":[0.55,1],"humidity":[0.3,1],"offset":0,"temperature":[0.2,0.55],"weirdness":[-0.2666,-0.05]}},{"biome":"minecraft:beach","parameters":{"continentalness":[-0.19,-0.11],"depth":1,"erosion":[0.55,1],"humidity":[0.3,1],"offset":0,"temperature":[0.2,0.55],"weirdness":[-0.2666,-0.05]}},{"biome":"minecraft:beach","parameters":{"continentalness":[-0.19,-0.11],"depth":0,"erosion":[-0.2225,0.45],"humidity":[-1,-0.35],"offset":0,"temperature":[-0.45,-0.15],"weirdness":[0.05,0.2666]}},{"biome":"minecraft:beach","parameters":{"continentalness":[-0.19,-0.11],"depth":1,"erosion":[-0.2225,0.45],"humidity":[-1,-0.35],"offset":0,"temperature":[-0.45,-0.15],"weirdness":[0.05,0.2666]}},{"biome":"minecraft:beach","parameters":{"continentalness":[-0.19,-0.11],"depth":0,"erosion":[0.55,1],"humidity":[-1,-0.35],"offset":0,"temperature":[-0.45,-0.15],"weirdness":[0.05,0.2666]}},{"biome":"minecraft:beach","parameters":{"continentalness":[-0.19,-0.11],"depth":1,"erosion":[0.55,1],"humidity":[-1,-0.35],"offset":0,"temperature":[-0.45,-0.15],"weirdness":[0.05,0.2666]}},{"biome":"minecraft:beach","parameters":{"continentalness":[-0.19,-0.11],"depth":0,"erosion":[-0.2225,0.45],"humidity":[-0.35,-0.1],"offset":0,"temperature":[-0.45,-0.15],"weirdness":[0.05,0.2666]}},{"biome":"minecraft:beach","parameters":{"continentalness":[-0.19,-0.11],"depth":1,"erosion":[-0.2225,0.45],"humidity":[-0.35,-0.1],"offset":0,"temperature":[-0.45,-0.15],"weirdness":[0.05,0.2666]}},{"biome":"minecraft:beach","parameters":{"continentalness":[-0.19,-0.11],"depth":0,"erosion":[0.55,1],"humidity":[-0.35,-0.1],"offset":0,"temperature":[-0.45,-0.15],"weirdness":[0.05,0.2666]}},{"biome":"minecraft:beach","parameters":{"continentalness":[-0.19,-0.11],"depth":1,"erosion":[0.55,1],"humidity":[-0.35,-0.1],"offset":0,"temperature":[-0.45,-0.15],"weirdness":[0.05,0.2666]}},{"biome":"minecraft:beach","parameters":{"continentalness":[-0.19,-0.11],"depth":0,"erosion":[-0.2225,0.45],"humidity":[-0.1,0.1],"offset":0,"temperature":[-0.45,-0.15],"weirdness":[0.05,0.2666]}},{"biome":"minecraft:beach","parameters":{"continentalness":[-0.19,-0.11],"depth":1,"erosion":[-0.2225,0.45],"humidity":[-0.1,0.1],"offset":0,"temperature":[-0.45,-0.15],"weirdness":[0.05,0.2666]}},{"biome":"minecraft:beach","parameters":{"continentalness":[-0.19,-0.11],"depth":0,"erosion":[0.55,1],"humidity":[-0.1,0.1],"offset":0,"temperature":[-0.45,-0.15],"weirdness":[0.05,0.2666]}},{"biome":"minecraft:beach","parameters":{"continentalness":[-0.19,-0.11],"depth":1,"erosion":[0.55,1],"humidity":[-0.1,0.1],"offset":0,"temperature":[-0.45,-0.15],"weirdness":[0.05,0.2666]}},{"biome":"minecraft:beach","parameters":{"continentalness":[-0.19,-0.11],"depth":0,"erosion":[-0.2225,0.45],"humidity":[0.1,0.3],"offset":0,"temperature":[-0.45,-0.15],"weirdness":[0.05,0.2666]}},{"biome":"minecraft:beach","parameters":{"continentalness":[-0.19,-0.11],"depth":1,"erosion":[-0.2225,0.45],"humidity":[0.1,0.3],"offset":0,"temperature":[-0.45,-0.15],"weirdness":[0.05,0.2666]}},{"biome":"minecraft:beach","parameters":{"continentalness":[-0.19,-0.11],"depth":0,"erosion":[0.55,1],"humidity":[0.1,0.3],"offset":0,"temperature":[-0.45,-0.15],"weirdness":[0.05,0.2666]}},{"biome":"minecraft:beach","parameters":{"continentalness":[-0.19,-0.11],"depth":1,"erosion":[0.55,1],"humidity":[0.1,0.3],"offset":0,"temperature":[-0.45,-0.15],"weirdness":[0.05,0.2666]}},{"biome":"minecraft:beach","parameters":{"continentalness":[-0.19,-0.11],"depth":0,"erosion":[-0.2225,0.45],"humidity":[0.3,1],"offset":0,"temperature":[-0.45,-0.15],"weirdness":[0.05,0.2666]}},{"biome":"minecraft:beach","parameters":{"continentalness":[-0.19,-0.11],"depth":1,"erosion":[-0.2225,0.45],"humidity":[0.3,1],"offset":0,"temperature":[-0.45,-0.15],"weirdness":[0.05,0.2666]}},{"biome":"minecraft:beach","parameters":{"continentalness":[-0.19,-0.11],"depth":0,"erosion":[0.55,1],"humidity":[0.3,1],"offset":0,"temperature":[-0.45,-0.15],"weirdness":[0.05,0.2666]}},{"biome":"minecraft:beach","parameters":{"continentalness":[-0.19,-0.11],"depth":1,"erosion":[0.55,1],"humidity":[0.3,1],"offset":0,"temperature":[-0.45,-0.15],"weirdness":[0.05,0.2666]}},{"biome":"minecraft:beach","parameters":{"continentalness":[-0.19,-0.11],"depth":0,"erosion":[-0.2225,0.45],"humidity":[-1,-0.35],"offset":0,"temperature":[-0.15,0.2],"weirdness":[0.05,0.2666]}},{"biome":"minecraft:beach","parameters":{"continentalness":[-0.19,-0.11],"depth":1,"erosion":[-0.2225,0.45],"humidity":[-1,-0.35],"offset":0,"temperature":[-0.15,0.2],"weirdness":[0.05,0.2666]}},{"biome":"minecraft:beach","parameters":{"continentalness":[-0.19,-0.11],"depth":0,"erosion":[0.55,1],"humidity":[-1,-0.35],"offset":0,"temperature":[-0.15,0.2],"weirdness":[0.05,0.2666]}},{"biome":"minecraft:beach","parameters":{"continentalness":[-0.19,-0.11],"depth":1,"erosion":[0.55,1],"humidity":[-1,-0.35],"offset":0,"temperature":[-0.15,0.2],"weirdness":[0.05,0.2666]}},{"biome":"minecraft:beach","parameters":{"continentalness":[-0.19,-0.11],"depth":0,"erosion":[-0.2225,0.45],"humidity":[-0.35,-0.1],"offset":0,"temperature":[-0.15,0.2],"weirdness":[0.05,0.2666]}},{"biome":"minecraft:beach","parameters":{"continentalness":[-0.19,-0.11],"depth":1,"erosion":[-0.2225,0.45],"humidity":[-0.35,-0.1],"offset":0,"temperature":[-0.15,0.2],"weirdness":[0.05,0.2666]}},{"biome":"minecraft:beach","parameters":{"continentalness":[-0.19,-0.11],"depth":0,"erosion":[0.55,1],"humidity":[-0.35,-0.1],"offset":0,"temperature":[-0.15,0.2],"weirdness":[0.05,0.2666]}},{"biome":"minecraft:beach","parameters":{"continentalness":[-0.19,-0.11],"depth":1,"erosion":[0.55,1],"humidity":[-0.35,-0.1],"offset":0,"temperature":[-0.15,0.2],"weirdness":[0.05,0.2666]}},{"biome":"minecraft:beach","parameters":{"continentalness":[-0.19,-0.11],"depth":0,"erosion":[-0.2225,0.45],"humidity":[-0.1,0.1],"offset":0,"temperature":[-0.15,0.2],"weirdness":[0.05,0.2666]}},{"biome":"minecraft:beach","parameters":{"continentalness":[-0.19,-0.11],"depth":1,"erosion":[-0.2225,0.45],"humidity":[-0.1,0.1],"offset":0,"temperature":[-0.15,0.2],"weirdness":[0.05,0.2666]}},{"biome":"minecraft:beach","parameters":{"continentalness":[-0.19,-0.11],"depth":0,"erosion":[0.55,1],"humidity":[-0.1,0.1],"offset":0,"temperature":[-0.15,0.2],"weirdness":[0.05,0.2666]}},{"biome":"minecraft:beach","parameters":{"continentalness":[-0.19,-0.11],"depth":1,"erosion":[0.55,1],"humidity":[-0.1,0.1],"offset":0,"temperature":[-0.15,0.2],"weirdness":[0.05,0.2666]}},{"biome":"minecraft:beach","parameters":{"continentalness":[-0.19,-0.11],"depth":0,"erosion":[-0.2225,0.45],"humidity":[0.1,0.3],"offset":0,"temperature":[-0.15,0.2],"weirdness":[0.05,0.2666]}},{"biome":"minecraft:beach","parameters":{"continentalness":[-0.19,-0.11],"depth":1,"erosion":[-0.2225,0.45],"humidity":[0.1,0.3],"offset":0,"temperature":[-0.15,0.2],"weirdness":[0.05,0.2666]}},{"biome":"minecraft:beach","parameters":{"continentalness":[-0.19,-0.11],"depth":0,"erosion":[0.55,1],"humidity":[0.1,0.3],"offset":0,"temperature":[-0.15,0.2],"weirdness":[0.05,0.2666]}},{"biome":"minecraft:beach","parameters":{"continentalness":[-0.19,-0.11],"depth":1,"erosion":[0.55,1],"humidity":[0.1,0.3],"offset":0,"temperature":[-0.15,0.2],"weirdness":[0.05,0.2666]}},{"biome":"minecraft:beach","parameters":{"continentalness":[-0.19,-0.11],"depth":0,"erosion":[-0.2225,0.45],"humidity":[0.3,1],"offset":0,"temperature":[-0.15,0.2],"weirdness":[0.05,0.2666]}},{"biome":"minecraft:beach","parameters":{"continentalness":[-0.19,-0.11],"depth":1,"erosion":[-0.2225,0.45],"humidity":[0.3,1],"offset":0,"temperature":[-0.15,0.2],"weirdness":[0.05,0.2666]}},{"biome":"minecraft:beach","parameters":{"continentalness":[-0.19,-0.11],"depth":0,"erosion":[0.55,1],"humidity":[0.3,1],"offset":0,"temperature":[-0.15,0.2],"weirdness":[0.05,0.2666]}},{"biome":"minecraft:beach","parameters":{"continentalness":[-0.19,-0.11],"depth":1,"erosion":[0.55,1],"humidity":[0.3,1],"offset":0,"temperature":[-0.15,0.2],"weirdness":[0.05,0.2666]}},{"biome":"minecraft:beach","parameters":{"continentalness":[-0.19,-0.11],"depth":0,"erosion":[-0.2225,0.45],"humidity":[-1,-0.35],"offset":0,"temperature":[0.2,0.55],"weirdness":[0.05,0.2666]}},{"biome":"minecraft:beach","parameters":{"continentalness":[-0.19,-0.11],"depth":1,"erosion":[-0.2225,0.45],"humidity":[-1,-0.35],"offset":0,"temperature":[0.2,0.55],"weirdness":[0.05,0.2666]}},{"biome":"minecraft:beach","parameters":{"continentalness":[-0.19,-0.11],"depth":0,"erosion":[0.55,1],"humidity":[-1,-0.35],"offset":0,"temperature":[0.2,0.55],"weirdness":[0.05,0.2666]}},{"biome":"minecraft:beach","parameters":{"continentalness":[-0.19,-0.11],"depth":1,"erosion":[0.55,1],"humidity":[-1,-0.35],"offset":0,"temperature":[0.2,0.55],"weirdness":[0.05,0.2666]}},{"biome":"minecraft:beach","parameters":{"continentalness":[-0.19,-0.11],"depth":0,"erosion":[-0.2225,0.45],"humidity":[-0.35,-0.1],"offset":0,"temperature":[0.2,0.55],"weirdness":[0.05,0.2666]}},{"biome":"minecraft:beach","parameters":{"continentalness":[-0.19,-0.11],"depth":1,"erosion":[-0.2225,0.45],"humidity":[-0.35,-0.1],"offset":0,"temperature":[0.2,0.55],"weirdness":[0.05,0.2666]}},{"biome":"minecraft:beach","parameters":{"continentalness":[-0.19,-0.11],"depth":0,"erosion":[0.55,1],"humidity":[-0.35,-0.1],"offset":0,"temperature":[0.2,0.55],"weirdness":[0.05,0.2666]}},{"biome":"minecraft:beach","parameters":{"continentalness":[-0.19,-0.11],"depth":1,"erosion":[0.55,1],"humidity":[-0.35,-0.1],"offset":0,"temperature":[0.2,0.55],"weirdness":[0.05,0.2666]}},{"biome":"minecraft:beach","parameters":{"continentalness":[-0.19,-0.11],"depth":0,"erosion":[-0.2225,0.45],"humidity":[-0.1,0.1],"offset":0,"temperature":[0.2,0.55],"weirdness":[0.05,0.2666]}},{"biome":"minecraft:beach","parameters":{"continentalness":[-0.19,-0.11],"depth":1,"erosion":[-0.2225,0.45],"humidity":[-0.1,0.1],"offset":0,"temperature":[0.2,0.55],"weirdness":[0.05,0.2666]}},{"biome":"minecraft:beach","parameters":{"continentalness":[-0.19,-0.11],"depth":0,"erosion":[0.55,1],"humidity":[-0.1,0.1],"offset":0,"temperature":[0.2,0.55],"weirdness":[0.05,0.2666]}},{"biome":"minecraft:beach","parameters":{"continentalness":[-0.19,-0.11],"depth":1,"erosion":[0.55,1],"humidity":[-0.1,0.1],"offset":0,"temperature":[0.2,0.55],"weirdness":[0.05,0.2666]}},{"biome":"minecraft:beach","parameters":{"continentalness":[-0.19,-0.11],"depth":0,"erosion":[-0.2225,0.45],"humidity":[0.1,0.3],"offset":0,"temperature":[0.2,0.55],"weirdness":[0.05,0.2666]}},{"biome":"minecraft:beach","parameters":{"continentalness":[-0.19,-0.11],"depth":1,"erosion":[-0.2225,0.45],"humidity":[0.1,0.3],"offset":0,"temperature":[0.2,0.55],"weirdness":[0.05,0.2666]}},{"biome":"minecraft:beach","parameters":{"continentalness":[-0.19,-0.11],"depth":0,"erosion":[0.55,1],"humidity":[0.1,0.3],"offset":0,"temperature":[0.2,0.55],"weirdness":[0.05,0.2666]}},{"biome":"minecraft:beach","parameters":{"continentalness":[-0.19,-0.11],"depth":1,"erosion":[0.55,1],"humidity":[0.1,0.3],"offset":0,"temperature":[0.2,0.55],"weirdness":[0.05,0.2666]}},{"biome":"minecraft:beach","parameters":{"continentalness":[-0.19,-0.11],"depth":0,"erosion":[-0.2225,0.45],"humidity":[0.3,1],"offset":0,"temperature":[0.2,0.55],"weirdness":[0.05,0.2666]}},{"biome":"minecraft:beach","parameters":{"continentalness":[-0.19,-0.11],"depth":1,"erosion":[-0.2225,0.45],"humidity":[0.3,1],"offset":0,"temperature":[0.2,0.55],"weirdness":[0.05,0.2666]}},{"biome":"minecraft:beach","parameters":{"continentalness":[-0.19,-0.11],"depth":0,"erosion":[0.55,1],"humidity":[0.3,1],"offset":0,"temperature":[0.2,0.55],"weirdness":[0.05,0.2666]}},{"biome":"minecraft:beach","parameters":{"continentalness":[-0.19,-0.11],"depth":1,"erosion":[0.55,1],"humidity":[0.3,1],"offset":0,"temperature":[0.2,0.55],"weirdness":[0.05,0.2666]}}],"type":"minecraft:multi_noise"},"settings":"minecraft:overworld"}}