{"type":"minecraft:overworld","generator":{"type":"minecraft:noise","biome_source":{"biomes":[{"biome":"minecraft:snowy_taiga","parameters":{"continentalness":[-0.11,0.03],"depth":0,"erosion":[-0.375,-0.2225],"humidity":[0.1,0.3],"offset":0,"temperature":[-1,-0.45],"weirdness":[-1,-0.9333]}},{"biome":"minecraft:snowy_taiga","parameters":{"continentalness":[-0.11,0.03],"depth":1,"erosion":[-0.375,-0.2225],"humidity":[0.1,0.3],"offset":0,"temperature":[-1,-0.45],"weirdness":[-1,-0.9333]}},{"biome":"minecraft:snowy_taiga","parameters":{"continentalness":[0.03,0.3],"depth":0,"erosion":[-0.375,-0.2225],"humidity":[0.1,0.3],"offset":0,"temperature":[-1,-0.45],"weirdness":[-1,-0.9333]}},{"biome":"minecraft:snowy_taiga","parameters":{"continentalness":[0.03,0.3],"depth":1,"erosion":[-0.375,-0.2225],"humidity":[0.1,0.3],"offset":0,"temperature":[-1,-0.45],"weirdness":[-1,-0.9333]}},{"biome":"minecraft:snowy_taiga","parameters":{"continentalness":[0.3,1],"depth":0,"erosion":[-0.375,-0.2225],"humidity":[0.1,0.3],"offset":0,"temperature":[-1,-0.45],"weirdness":[-1,-0.9333]}},{"biome":"minecraft:snowy_taiga","parameters":{"continentalness":[0.3,1],"depth":1,"erosion":[-0.375,-0.2225],"humidity":[0.1,0.3],"offset":0,"temperature":[-1,-0.45],"weirdness":[-1,-0.9333]}},{"biome":"minecraft:snowy_taiga","parameters":{"continentalness":[-0.19,0.03],"depth":0,"erosion":[-0.2225,0.05],"humidity":[0.1,0.3],"offset":0,"temperature":[-1,-0.45],"weirdness":[-1,-0.9333]}},{"biome":"minecraft:snowy_taiga","parameters":{"continentalness":[-0.19,0.03],"depth":1,"erosion":[-0.2225,0.05],"humidity":[0.1,0.3],"offset":0,"temperature":[-1,-0.45],"weirdness":[-1,-0.9333]}},{"biome":"minecraft:snowy_taiga","parameters":{"continentalness":[0.03,1],"depth":0,"erosion":[-0.2225,0.05],"humidity":[0.1,0.3],"offset":0,"temperature":[-1,-0.45],"weirdness":[-1,-0.9333]}},{"biome":"minecraft:snowy_taiga","parameters":{"continentalness":[0.03,1],"depth":1,"erosion":[-0.2225,0.05],"humidity":[0.1,0.3],"offset":0,"temperature":[-1,-0.45],"weirdness":[-1,-0.9333]}},{"biome":"minecraft:snowy_taiga","parameters":{"continentalness":[-0.11,1],"depth":0,"erosion":[0.05,0.45],"humidity":[0.1,0.3],"offset":0,"temperature":[-1,-0.45],"weirdness":[-1,-0.9333]}},{"biome":"minecraft:snowy_taiga","parameters":{"continentalness":[-0.11,1],"depth":1,"erosion":[0.05,0.45],"humidity":[0.1,0.3],"offset":0,"temperature":[-1,-0.45],"weirdness":[-1,-0.9333]}},{"biome":"minecraft:snowy_taiga","parameters":{"continentalness":[-0.11,0.03],"depth":0,"erosion":[0.45,0.55],"humidity":[0.1,0.3],"offset":0,"temperature":[-1,-0.45],"weirdness":[-1,-0.9333]}},{"biome":"minecraft:snowy_taiga","parameters":{"continentalness":[-0.11,0.03],"depth":1,"erosion":[0.45,0.55],"humidity":[0.1,0.3],"offset":0,"temperature":[-1,-0.45],"weirdness":[-1,-0.9333]}},{"biome":"minecraft:snowy_taiga","parameters":{"continentalness":[-0.11,1],"depth":0,"erosion":[0.55,1],"humidity":[0.1,0.3],"offset":0,"temperature":[-1,-0.45],"weirdness":[-1,-0.9333]}},{"biome":"minecraft:snowy_taiga","parameters":{"continentalness":[-0.11,1],"depth":1,"erosion":[0.55,1],"humidity":[0.1,0.3],"offset":0,"temperature":[-1,-0.45],"weirdness":[-1,-0.9333]}},{"biome":"minecraft:snowy_taiga","parameters":{"continentalness":[0.3,1],"depth":0,"erosion":[-0.375,-0.2225],"humidity":[0.3,1],"offset":0,"temperature":[-1,-0.45],"weirdness":[-1,-0.9333]}},{"biome":"minecraft:snowy_taiga","parameters":{"continentalness":[0.3,1],"depth":1,"erosion":[-0.375,-0.2225],"humidity":[0.3,1],"offset":0,"temperature":[-1,-0.45],"weirdness":[-1,-0.9333]}},{"biome":"minecraft:snowy_taiga","parameters":{"continentalness":[-0.19,-0.11],"depth":0,"erosion":[-1,-0.375],"humidity":[0.1,0.3],"offset":0,"temperature":[-1,-0.45],"weirdness":[-0.9333,-0.7666]}},{"biome":"minecraft:snowy_taiga","parameters":{"continentalness":[-0.19,-0.11],"depth":1,"erosion":[-1,-0.375],"humidity":[0.1,0.3],"offset":0,"temperature":[-1,-0.45],"weirdness":[-0.9333,-0.7666]}},{"biome":"minecraft:snowy_taiga","parameters":{"continentalness":[-0.19,0.03],"depth":0,"erosion":[-0.375,0.05],"humidity":[0.1,0.3],"offset":0,"temperature":[-1,-0.45],"weirdness":[-0.9333,-0.7666]}},{"biome":"minecraft:snowy_taiga","parameters":{"continentalness":[-0.19,0.03],"depth":1,"erosion":[-0.375,0.05],"humidity":[0.1,0.3],"offset":0,"temperature":[-1,-0.45],"weirdness":[-0.9333,-0.7666]}},{"biome":"minecraft:snowy_taiga","parameters":{"continentalness":[0.03,1],"depth":0,"erosion":[-0.375,-0.2225],"humidity":[0.1,0.3],"offset":0,"temperature":[-1,-0.45],"weirdness":[-0.9333,-0.7666]}},{"biome":"minecraft:snowy_taiga","parameters":{"continentalness":[0.03,1],"depth":1,"erosion":[-0.375,-0.2225],"humidity":[0.1,0.3],"offset":0,"temperature":[-1,-0.45],"weirdness":[-0.9333,-0.7666]}},{"biome":"minecraft:snowy_taiga","parameters":{"continentalness":[0.03,0.3],"depth":0,"erosion":[-0.2225,0.05],"humidity":[0.1,0.3],"offset":0,"temperature":[-1,-0.45],"weirdness":[-0.9333,-0.7666]}},{"biome":"minecraft:snowy_taiga","parameters":{"continentalness":[0.03,0.3],"depth":1,"erosion":[-0.2225,0.05],"humidity":[0.1,0.3],"offset":0,"temperature":[-1,-0.45],"weirdness":[-0.9333,-0.7666]}},{"biome":"minecraft:snowy_taiga","parameters":{"continentalness":[0.3,1],"depth":0,"erosion":[-0.2225,0.05],"humidity":[0.1,0.3],"offset":0,"temperature":[-1,-0.45],"weirdness":[-0.9333,-0.7666]}},{"biome":"minecraft:snowy_taiga","parameters":{"continentalness":[0.3,1],"depth":1,"erosion":[-0.2225,0.05],"humidity":[0.1,0.3],"offset":0,"temperature":[-1,-0.45],"weirdness":[-0.9333,-0.7666]}},{"biome":"minecraft:snowy_taiga","parameters":{"continentalness":[-0.19,1],"depth":0,"erosion":[0.05,0.45],"humidity":[0.1,0.3],"offset":0,"temperature":[-1,-0.45],"weirdness":[-0.9333,-0.7666]}},{"biome":"minecraft:snowy_taiga","parameters":{"continentalness":[-0.19,1],"depth":1,"erosion":[0.05,0.45],"humidity":[0.1,0.3],"offset":0,"temperature":[-1,-0.45],"weirdness":[-0.9333,-0.7666]}},{"biome":"minecraft:snowy_taiga","parameters":{"continentalness":[-0.19,0.03],"depth":0,"erosion":[0.45,0.55],"humidity":[0.1,0.3],"offset":0,"temperature":[-1,-0.45],"weirdness":[-0.9333,-0.7666]}},{"biome":"minecraft:snowy_taiga","parameters":{"continentalness":[-0.19,0.03],"depth":1,"erosion":[0.45,0.55],"humidity":[0.1,0.3],"offset":0,"temperature":[-1,-0.45],"weirdness":[-0.9333,-0.7666]}},{"biome":"minecraft:snowy_taiga","parameters":{"continentalness":[-0.19,1],"depth":0,"erosion":[0.55,1],"humidity":[0.1,0.3],"offset":0,"temperature":[-1,-0.45],"weirdness":[-0.9333,-0.7666]}},{"biome":"minecraft:snowy_taiga","parameters":{"continentalness":[-0.19,1],"depth":1,"erosion":[0.55,1],"humidity":[0.1,0.3],"offset":0,"temperature":[-1,-0.45],"weirdness":[-0.9333,-0.7666]}},{"biome":"minecraft:snowy_taiga","parameters":{"continentalness":[0.03,1],"depth":0,"erosion":[-0.375,-0.2225],"humidity":[0.3,1],"offset":0,"temperature":[-1,-0.45],"weirdness":[-0.9333,-0.7666]}},{"biome":"minecraft:snowy_taiga","parameters":{"continentalness":[0.03,1],"depth":1,"erosion":[-0.375,-0.2225],"humidity":[0.3,1],"offset":0,"temperature":[-1,-0.45],"weirdness":[-0.9333,-0.7666]}},{"biome":"minecraft:snowy_taiga","parameters":{"continentalness":[0.3,1],"depth":0,"erosion":[-0.2225,0.05],"humidity":[0.3,1],"offset":0,"temperature":[-1,-0.45],"weirdness":[-0.9333,-0.7666]}},{"biome":"minecraft:snowy_taiga","parameters":{"continentalness":[0.3,1],"depth":1,"erosion":[-0.2225,0.05],"humidity":[0.3,1],"offset":0,"temperature":[-1,-0.45],"weirdness":[-0.9333,-0.7666]}},{"biome":"minecraft:snowy_taiga","parameters":{"continentalness":[-0.19,0.03],"depth":0,"erosion":[-0.375,0.05],"humidity":[0.1,0.3],"offset":0,"temperature":[-1,-0.45],"weirdness":[-0.7666,-0.5666]}},{"biome":"minecraft:snowy_taiga","parameters":{"continentalness":[-0.19,0.03],"depth":1,"erosion":[-0.375,0.05],"humidity":[0.1,0.3],"offset":0,"temperature":[-1,-0.45],"weirdness":[-0.7666,-0.5666]}},{"biome":"minecraft:snowy_taiga","parameters":{"continentalness":[0.03,1],"depth":0,"erosion":[-0.375,-0.2225],"humidity":[0.1,0.3],"offset":0,"temperature":[-1,-0.45],"weirdness":[-0.7666,-0.5666]}},{"biome":"minecraft:snowy_taiga","parameters":{"continentalness":[0.03,1],"depth":1,"erosion":[-0.375,-0.2225],"humidity":[0.1,0.3],"offset":0,"temperature":[-1,-0.45],"weirdness":[-0.7666,-0.5666]}},{"biome":"minecraft:snowy_taiga","parameters":{"continentalness":[0.03,0.3],"depth":0,"erosion":[-0.2225,0.05],"humidity":[0.1,0.3],"offset":0,"temperature":[-1,-0.45],"weirdness":[-0.7666,-0.5666]}},{"biome":"minecraft:snowy_taiga","parameters":{"continentalness":[0.03,0.3],"depth":1,"erosion":[-0.2225,0.05],"humidity":[0.1,0.3],"offset":0,"temperature":[-1,-0.45],"weirdness":[-0.7666,-0.5666]}},{"biome":"minecraft:snowy_taiga","parameters":{"continentalness":[0.3,1],"depth":0,"erosion":[-0.2225,0.05],"humidity":[0.1,0.3],"offset":0,"temperature":[-1,-0.45],"weirdness":[-0.7666,-0.5666]}},{"biome":"minecraft:snowy_taiga","parameters":{"continentalness":[0.3,1],"depth":1,"erosion":[-0.2225,0.05],"humidity":[0.1,0.3],"offset":0,"temperature":[-1,-0.45],"weirdness":[-0.7666,-0.5666]}},{"biome":"minecraft:snowy_taiga","parameters":{"continentalness":[-0.19,1],"depth":0,"erosion":[0.05,0.45],"humidity":[0.1,0.3],"offset":0,"temperature":[-1,-0.45],"weirdness":[-0.7666,-0.5666]}},{"biome":"minecraft:snowy_taiga","parameters":{"continentalness":[-0.19,1],"depth":1,"erosion":[0.05,0.45],"humidity":[0.1,0.3],"offset":0,"temperature":[-1,-0.45],"weirdness":[-0.7666,-0.5666]}},{"biome":"minecraft:snowy_taiga","parameters":{"continentalness":[-0.19,1],"depth":0,"erosion":[0.55,1],"humidity":[0.1,0.3],"offset":0,"temperature":[-1,-0.45],"weirdness":[-0.7666,-0.5666]}},{"biome":"minecraft:snowy_taiga","parameters":{"continentalness":[-0.19,1],"depth":1,"erosion":[0.55,1],"humidity":[0.1,0.3],"offset":0,"temperature":[-1,-0.45],"weirdness":[-0.7666,-0.5666]}},{"biome":"minecraft:snowy_taiga","parameters":{"continentalness":[0.03,1],"depth":0,"erosion":[-0.375,-0.2225],"humidity":[0.3,1],"offset":0,"temperature":[-1,-0.45],"weirdness":[-0.7666,-0.5666]}},{"biome":"minecraft:snowy_taiga","parameters":{"continentalness":[0.03,1],"depth":1,"erosion":[-0.375,-0.2225],"humidity":[0.3,1],"offset":0,"temperature":[-1,-0.45],"weirdness":[-0.7666,-0.5666]}},{"biome":"minecraft:snowy_taiga","parameters":{"continentalness":[0.3,1],"depth":0,"erosion":[-0.2225,0.05],"humidity":[0.3,1],"offset":0,"temperature":[-1,-0.45],"weirdness":[-0.7666,-0.5666]}},{"biome":"minecraft:snowy_taiga","parameters":{"continentalness":[0.3,1],"depth":1,"erosion":[-0.2225,0.05],"humidity":[0.3,1],"offset":0,"temperature":[-1,-0.45],"weirdness":[-0.7666,-0.5666]}},{"biome":"minecraft:snowy_taiga","parameters":{"continentalness":[-0.19,-0.11],"depth":0,"erosion":[-1,-0.375],"humidity":[0.1,0.3],"offset":0,"temperature":[-1,-0.45],"weirdness":[-0.5666,-0.4]}},{"biome":"minecraft:snowy_taiga","parameters":{"continentalness":[-0.19,-0.11],"depth":1,"erosion":[-1,-0.375],"humidity":[0.1,0.3],"offset":0,"temperature":[-1,-0.45],"weirdness":[-0.5666,-0.4]}},{"biome":"minecraft:snowy_taiga","parameters":{"continentalness":[-0.19,0.03],"depth":0,"erosion":[-0.375,0.05],"humidity":[0.1,0.3],"offset":0,"temperature":[-1,-0.45],"weirdness":[-0.5666,-0.4]}},{"biome":"minecraft:snowy_taiga","parameters":{"continentalness":[-0.19,0.03],"depth":1,"erosion":[-0.375,0.05],"humidity":[0.1,0.3],"offset":0,"temperature":[-1,-0.45],"weirdness":[-0.5666,-0.4]}},{"biome":"minecraft:snowy_taiga","parameters":{"continentalness":[0.03,1],"depth":0,"erosion":[-0.375,-0.2225],"humidity":[0.1,0.3],"offset":0,"temperature":[-1,-0.45],"weirdness":[-0.5666,-0.4]}},{"biome":"minecraft:snowy_taiga","parameters":{"continentalness":[0.03,1],"depth":1,"erosion":[-0.375,-0.2225],"humidity":[0.1,0.3],"offset":0,"temperature":[-1,-0.45],"weirdness":[-0.5666,-0.4]}},{"biome":"minecraft:snowy_taiga","parameters":{"continentalness":[0.03,0.3],"depth":0,"erosion":[-0.2225,0.05],"humidity":[0.1,0.3],"offset":0,"temperature":[-1,-0.45],"weirdness":[-0.5666,-0.4]}},{"biome":"minecraft:snowy_taiga","parameters":{"continentalness":[0.03,0.3],"depth":1,"erosion":[-0.2225,0.05],"humidity":[0.1,0.3],"offset":0,"temperature":[-1,-0.45],"weirdness":[-0.5666,-0.4]}},{"biome":"minecraft:snowy_taiga","parameters":{"continentalness":[0.3,1],"depth":0,"erosion":[-0.2225,0.05],"humidity":[0.1,0.3],"offset":0,"temperature":[-1,-0.45],"weirdness":[-0.5666,-0.4]}},{"biome":"minecraft:snowy_taiga","parameters":{"continentalness":[0.3,1],"depth":1,"erosion":[-0.2225,0.05],"humidity":[0.1,0.3],"offset":0,"temperature":[-1,-0.45],"weirdness":[-0.5666,-0.4]}},{"biome":"minecraft:snowy_taiga","parameters":{"continentalness":[-0.19,1],"depth":0,"erosion":[0.05,0.45],"humidity":[0.1,0.3],"offset":0,"temperature":[-1,-0.45],"weirdness":[-0.5666,-0.4]}},{"biome":"minecraft:snowy_taiga","parameters":{"continentalness":[-0.19,1],"depth":1,"erosion":[0.05,0.45],"humidity":[0.1,0.3],"offset":0,"temperature":[-1,-0.45],"weirdness":[-0.5666,-0.4]}},{"biome":"minecraft:snowy_taiga","parameters":{"continentalness":[-0.19,0.03],"depth":0,"erosion":[0.45,0.55],"humidity":[0.1,0.3],"offset":0,"temperature":[-1,-0.45],"weirdness":[-0.5666,-0.4]}},{"biome":"minecraft:snowy_taiga","parameters":{"continentalness":[-0.19,0.03],"depth":1,"erosion":[0.45,0.55],"humidity":[0.1,0.3],"offset":0,"temperature":[-1,-0.45],"weirdness":[-0.5666,-0.4]}},{"biome":"minecraft:snowy_taiga","parameters":{"continentalness":[-0.19,1],"depth":0,"erosion":[0.55,1],"humidity":[0.1,0.3],"offset":0,"temperature":[-1,-0.45],"weirdness":[-0.5666,-0.4]}},{"biome":"minecraft:snowy_taiga","parameters":{"continentalness":[-0.19,1],"depth":1,"erosion":[0.55,1],"humidity":[0.1,0.3],"offset":0,"temperature":[-1,-0.45],"weirdness":[-0.5666,-0.4]}},{"biome":"minecraft:snowy_taiga","parameters":{"continentalness":[0.03,1],"depth":0,"erosion":[-0.375,-0.2225],"humidity":[0.3,1],"offset":0,"temperature":[-1,-0.45],"weirdness":[-0.5666,-0.4]}},{"biome":"minecraft:snowy_taiga","parameters":{"continentalness":[0.03,1],"depth":1,"erosion":[-0.375,-0.2225],"humidity":[0.3,1],"offset":0,"temperature":[-1,-0.45],"weirdness":[-0.5666,-0.4]}},{"biome":"minecraft:snowy_taiga","parameters":{"continentalness":[0.3,1],"depth":0,"erosion":[-0.2225,0.05],"humidity":[0.3,1],"offset":0,"temperature":[-1,-0.45],"weirdness":[-0.5666,-0.4]}},{"biome":"minecraft:snowy_taiga","parameters":{"continentalness":[0.3,1],"depth":1,"erosion":[-0.2225,0.05],"humidity":[0.3,1],"offset":0,"temperature":[-1,-0.45],"weirdness":[-0.5666,-0.4]}},{"biome":"minecraft:snowy_taiga","parameters":{"continentalness":[-0.11,0.03],"depth":0,"erosion":[-0.375,-0.2225],"humidity":[0.1,0.3],"offset":0,"temperature":[-1,-0.45],"weirdness":[-0.4,-0.2666]}},{"biome":"minecraft:snowy_taiga","parameters":{"continentalness":[-0.11,0.03],"depth":1,"erosion":[-0.375,-0.2225],"humidity":[0.1,0.3],"offset":0,"temperature":[-1,-0.45],"weirdness":[-0.4,-0.2666]}},{"biome":"minecraft:snowy_taiga","parameters":{"continentalness":[0.03,0.3],"depth":0,"erosion":[-0.375,-0.2225],"humidity":[0.1,0.3],"offset":0,"temperature":[-1,-0.45],"weirdness":[-0.4,-0.2666]}},{"biome":"minecraft:snowy_taiga","parameters":{"continentalness":[0.03,0.3],"depth":1,"erosion":[-0.375,-0.2225],"humidity":[0.1,0.3],"offset":0,"temperature":[-1,-0.45],"weirdness":[-0.4,-0.2666]}},{"biome":"minecraft:snowy_taiga","parameters":{"continentalness":[0.3,1],"depth":0,"erosion":[-0.375,-0.2225],"humidity":[0.1,0.3],"offset":0,"temperature":[-1,-0.45],"weirdness":[-0.4,-0.2666]}},{"biome":"minecraft:snowy_taiga","parameters":{"continentalness":[0.3,1],"depth":1,"erosion":[-0.375,-0.2225],"humidity":[0.1,0.3],"offset":0,"temperature":[-1,-0.45],"weirdness":[-0.4,-0.2666]}},{"biome":"minecraft:snowy_taiga","parameters":{"continentalness":[-0.19,0.03],"depth":0,"erosion":[-0.2225,0.05],"humidity":[0.1,0.3],"offset":0,"temperature":[-1,-0.45],"weirdness":[-0.4,-0.2666]}},{"biome":"minecraft:snowy_taiga","parameters":{"continentalness":[-0.19,0.03],"depth":1,"erosion":[-0.2225,0.05],"humidity":[0.1,0.3],"offset":0,"temperature":[-1,-0.45],"weirdness":[-0.4,-0.2666]}},{"biome":"minecraft:snowy_taiga","parameters":{"continentalness":[0.03,1],"depth":0,"erosion":[-0.2225,0.05],"humidity":[0.1,0.3],"offset":0,"temperature":[-1,-0.45],"weirdness":[-0.4,-0.2666]}},{"biome":"minecraft:snowy_taiga","parameters":{"continentalness":[0.03,1],"depth":1,"erosion":[-0.2225,0.05],"humidity":[0.1,0.3],"offset":0,"temperature":[-1,-0.45],"weirdness":[-0.4,-0.2666]}},{"biome":"minecraft:snowy_taiga","parameters":{"continentalness":[-0.11,1],"depth":0,"erosion":[0.05,0.45],"humidity":[0.1,0.3],"offset":0,"temperature":[-1,-0.45],"weirdness":[-0.4,-0.2666]}},{"biome":"minecraft:snowy_taiga","parameters":{"continentalness":[-0.11,1],"depth":1,"erosion":[0.05,0.45],"humidity":[0.1,0.3],"offset":0,"temperature":[-1,-0.45],"weirdness":[-0.4,-0.2666]}},{"biome":"minecraft:snowy_taiga","parameters":{"continentalness":[-0.11,0.03],"depth":0,"erosion":[0.45,0.55],"humidity":[0.1,0.3],"offset":0,"temperature":[-1,-0.45],"weirdness":[-0.4,-0.2666]}},{"biome":"minecraft:snowy_taiga","parameters":{"continentalness":[-0.11,0.03],"depth":1,"erosion":[0.45,0.55],"humidity":[0.1,0.3],"offset":0,"temperature":[-1,-0.45],"weirdness":[-0.4,-0.2666]}},{"biome":"minecraft:snowy_taiga","parameters":{"continentalness":[-0.11,1],"depth":0,"erosion":[0.55,1],"humidity":[0.1,0.3],"offset":0,"temperature":[-1,-0.45],"weirdness":[-0.4,-0.2666]}},{"biome":"minecraft:snowy_taiga","parameters":{"continentalness":[-0.11,1],"depth":1,"erosion":[0.55,1],"humidity":[0.1,0.3],"offset":0,"temperature":[-1,-0.45],"weirdness":[-0.4,-0.2666]}},{"biome":"minecraft:snowy_taiga","parameters":{"continentalness":[0.3,1],"depth":0,"erosion":[-0.375,-0.2225],"humidity":[0.3,1],"offset":0,"temperature":[-1,-0.45],"weirdness":[-0.4,-0.2666]}},{"biome":"minecraft:snowy_taiga","parameters":{"continentalness":[0.3,1],"depth":1,"erosion":[-0.375,-0.2225],"humidity":[0.3,1],"offset":0,"temperature":[-1,-0.45],"weirdness":[-0.4,-0.2666]}},{"biome":"minecraft:snowy_taiga","parameters":{"continentalness":[-0.11,0.03],"depth":0,"erosion":[-1,-0.375],"humidity":[0.1,0.3],"offset":0,"temperature":[-1,-0.45],"weirdness":[-0.2666,-0.05]}},{"biome":"minecraft:snowy_taiga","parameters":{"continentalness":[-0.11,0.03],"depth":1,"erosion":[-1,-0.375],"humidity":[0.1,0.3],"offset":0,"temperature":[-1,-0.45],"weirdness":[-0.2666,-0.05]}},{"biome":"minecraft:snowy_taiga","parameters":{"continentalness":[-0.11,0.03],"depth":0,"erosion":[-0.375,0.05],"humidity":[0.1,0.3],"offset":0,"temperature":[-1,-0.45],"weirdness":[-0.2666,-0.05]}},{"biome":"minecraft:snowy_taiga","parameters":{"continentalness":[-0.11,0.03],"depth":1,"erosion":[-0.375,0.05],"humidity":[0.1,0.3],"offset":0,"temperature":[-1,-0.45],"weirdness":[-0.2666,-0.05]}},{"biome":"minecraft:snowy_taiga","parameters":{"continentalness":[0.03,1],"depth":0,"erosion":[-0.375,0.05],"humidity":[0.1,0.3],"offset":0,"temperature":[-1,-0.45],"weirdness":[-0.2666,-0.05]}},{"biome":"minecraft:snowy_taiga","parameters":{"continentalness":[0.03,1],"depth":1,"erosion":[-0.375,0.05],"humidity":[0.1,0.3],"offset":0,"temperature":[-1,-0.45],"weirdness":[-0.2666,-0.05]}},{"biome":"minecraft:snowy_taiga","parameters":{"continentalness":[-0.11,1],"depth":0,"erosion":[0.05,0.45],"humidity":[0.1,0.3],"offset":0,"temperature":[-1,-0.45],"weirdness":[-0.2666,-0.05]}},{"biome":"minecraft:snowy_taiga","parameters":{"continentalness":[-0.11,1],"depth":1,"erosion":[0.05,0.45],"humidity":[0.1,0.3],"offset":0,"temperature":[-1,-0.45],"weirdness":[-0.2666,-0.05]}},{"biome":"minecraft:snowy_taiga","parameters":{"continentalness":[-0.11,0.03],"depth":0,"erosion":[0.45,0.55],"humidity":[0.1,0.3],"offset":0,"temperature":[-1,-0.45],"weirdness":[-0.2666,-0.05]}},{"biome":"minecraft:snowy_taiga","parameters":{"continentalness":[-0.11,0.03],"depth":1,"erosion":[0.45,0.55],"humidity":[0.1,0.3],"offset":0,"temperature":[-1,-0.45],"weirdness":[-0.2666,-0.05]}},{"biome":"minecraft:snowy_taiga","parameters":{"continentalness":[0.03,1],"depth":0,"erosion":[0.45,0.55],"humidity":[0.1,0.3],"offset":0,"temperature":[-1,-0.45],"weirdness":[-0.2666,-0.05]}},{"biome":"minecraft:snowy_taiga","parameters":{"continentalness":[0.03,1],"depth":1,"erosion":[0.45,0.55],"humidity":[0.1,0.3],"offset":0,"temperature":[-1,-0.45],"weirdness":[-0.2666,-0.05]}},{"biome":"minecraft:snowy_taiga","parameters":{"continentalness":[-0.11,1],"depth":0,"erosion":[0.55,1],"humidity":[0.1,0.3],"offset":0,"temperature":[-1,-0.45],"weirdness":[-0.2666,-0.05]}},{"biome":"minecraft:snowy_taiga","parameters":{"continentalness":[-0.11,1],"depth":1,"erosion":[0.55,1],"humidity":[0.1,0.3],"offset":0,"temperature":[-1,-0.45],"weirdness":[-0.2666,-0.05]}},{"biome":"minecraft:snowy_taiga","parameters":{"continentalness":[0.03,1],"depth":0,"erosion":[-1,-0.375],"humidity":[-0.1,0.1],"offset":0,"temperature":[-1,-0.45],"weirdness":[-0.05,0.05]}},{"biome":"minecraft:snowy_taiga","parameters":{"continentalness":[0.03,1],"depth":1,"erosion":[-1,-0.375],"humidity":[-0.1,0.1],"offset":0,"temperature":[-1,-0.45],"weirdness":[-0.05,0.05]}},{"biome":"minecraft:snowy_taiga","parameters":{"continentalness":[0.03,1],"depth":0,"erosion":[-1,-0.375],"humidity":[0.1,0.3],"offset":0,"temperature":[-1,-0.45],"weirdness":[-0.05,0.05]}},{"biome":"minecraft:snowy_taiga","parameters":{"continentalness":[0.03,1],"depth":1,"erosion":[-1,-0.375],"humidity":[0.1,0.3],"offset":0,"temperature":[-1,-0.45],"weirdness":[-0.05,0.05]}},{"biome":"minecraft:snowy_taiga","parameters":{"continentalness":[-0.11,0.03],"depth":0,"erosion":[-1,-0.375],"humidity":[-0.1,0.1],"offset":0,"temperature":[-1,-0.45],"weirdness":[0.05,0.2666]}},{"biome":"minecraft:snowy_taiga","parameters":{"continentalness":[-0.11,0.03],"depth":1,"erosion":[-1,-0.375],"humidity":[-0.1,0.1],"offset":0,"temperature":[-1,-0.45],"weirdness":[0.05,0.2666]}},{"biome":"minecraft:snowy_taiga","parameters":{"continentalness":[-0.11,0.03],"depth":0,"erosion":[-0.375,0.05],"humidity":[-0.1,0.1],"offset":0,"temperature":[-1,-0.45],"weirdness":[0.05,0.2666]}},{"biome":"minecraft:snowy_taiga","parameters":{"continentalness":[-0.11,0.03],"depth":1,"erosion":[-0.375,0.05],"humidity":[-0.1,0.1],"offset":0,"temperature":[-1,-0.45],"weirdness":[0.05,0.2666]}},{"biome":"minecraft:snowy_taiga","parameters":{"continentalness":[0.03,1],"depth":0,"erosion":[-0.375,0.05],"humidity":[-0.1,0.1],"offset":0,"temperature":[-1,-0.45],"weirdness":[0.05,0.2666]}},{"biome":"minecraft:snowy_taiga","parameters":{"continentalness":[0.03,1],"depth":1,"erosion":[-0.375,0.05],"humidity":[-0.1,0.1],"offset":0,"temperature":[-1,-0.45],"weirdness":[0.05,0.2666]}},{"biome":"minecraft:snowy_taiga","parameters":{"continentalness":[-0.11,1],"depth":0,"erosion":[0.05,0.45],"humidity":[-0.1,0.1],"offset":0,"temperature":[-1,-0.45],"weirdness":[0.05,0.2666]}},{"biome":"minecraft:snowy_taiga","parameters":{"continentalness":[-0.11,1],"depth":1,"erosion":[0.05,0.45],"humidity":[-0.1,0.1],"offset":0,"temperature":[-1,-0.45],"weirdness":[0.05,0.2666]}},{"biome":"minecraft:snowy_taiga","parameters":{"continentalness":[-0.19,-0.11],"depth":0,"erosion":[0.45,0.55],"humidity":[-0.1,0.1],"offset":0,"temperature":[-1,-0.45],"weirdness":[0.05,0.2666]}},{"biome":"minecraft:snowy_taiga","parameters":{"continentalness":[-0.19,-0.11],"depth":1,"erosion":[0.45,0.55],"humidity":[-0.1,0.1],"offset":0,"temperature":[-1,-0.45],"weirdness":[0.05,0.2666]}},{"biome":"minecraft:snowy_taiga","parameters":{"continentalness":[-0.11,0.03],"depth":0,"erosion":[0.45,0.55],"humidity":[-0.1,0.1],"offset":0,"temperature":[-1,-0.45],"weirdness":[0.05,0.2666]}},{"biome":"minecraft:snowy_taiga","parameters":{"continentalness":[-0.11,0.03],"depth":1,"erosion":[0.45,0.55],"humidity":[-0.1,0.1],"offset":0,"temperature":[-1,-0.45],"weirdness":[0.05,0.2666]}},{"biome":"minecraft:snowy_taiga","parameters":{"continentalness":[0.03,1],"depth":0,"erosion":[0.45,0.55],"humidity":[-0.1,0.1],"offset":0,"temperature":[-1,-0.45],"weirdness":[0.05,0.2666]}},{"biome":"minecraft:snowy_taiga","parameters":{"continentalness":[0.03,1],"depth":1,"erosion":[0.45,0.55],"humidity":[-0.1,0.1],"offset":0,"temperature":[-1,-0.45],"weirdness":[0.05,0.2666]}},{"biome":"minecraft:snowy_taiga","parameters":{"continentalness":[-0.11,1],"depth":0,"erosion":[0.55,1],"humidity":[-0.1,0.1],"offset":0,"temperature":[-1,-0.45],"weirdness":[0.05,0.2666]}},{"biome":"minecraft:snowy_taiga","parameters":{"continentalness":[-0.11,1],"depth":1,"erosion":[0.55,1],"humidity":[-0.1,0.1],"offset":0,"temperature":[-1,-0.45],"weirdness":[0.05,0.2666]}},{"biome":"minecraft:snowy_taiga","parameters":{"continentalness":[-0.11,0.03],"depth":0,"erosion":[-1,-0.375],"humidity":[0.1,0.3],"offset":0,"temperature":[-1,-0.45],"weirdness":[0.05,0.2666]}},{"biome":"minecraft:snowy_taiga","parameters":{"continentalness":[-0.11,0.03],"depth":1,"erosion":[-1,-0.375],"humidity":[0.1,0.3],"offset":0,"temperature":[-1,-0.45],"weirdness":[0.05,0.2666]}},{"biome":"minecraft:snowy_taiga","parameters":{"continentalness":[-0.11,0.03],"depth":0,"erosion":[-0.375,0.05],"humidity":[0.1,0.3],"offset":0,"temperature":[-1,-0.45],"weirdness":[0.05,0.2666]}},{"biome":"minecraft:snowy_taiga","parameters":{"continentalness":[-0.11,0.03],"depth":1,"erosion":[-0.375,0.05],"humidity":[0.1,0.3],"offset":0,"temperature":[-1,-0.45],"weirdness":[0.05,0.2666]}},{"biome":"minecraft:snowy_taiga","parameters":{"continentalness":[0.03,1],"depth":0,"erosion":[-0.375,0.05],"humidity":[0.1,0.3],"offset":0,"temperature":[-1,-0.45],"weirdness":[0.05,0.2666]}},{"biome":"minecraft:snowy_taiga","parameters":{"continentalness":[0.03,1],"depth":1,"erosion":[-0.375,0.05],"humidity":[0.1,0.3],"offset":0,"temperature":[-1,-0.45],"weirdness":[0.05,0.2666]}},{"biome":"minecraft:snowy_taiga","parameters":{"continentalness":[-0.11,1],"depth":0,"erosion":[0.05,0.45],"humidity":[0.1,0.3],"offset":0,"temperature":[-1,-0.45],"weirdness":[0.05,0.2666]}},{"biome":"minecraft:snowy_taiga","parameters":{"continentalness":[-0.11,1],"depth":1,"erosion":[0.05,0.45],"humidity":[0.1,0.3],"offset":0,"temperature":[-1,-0.45],"weirdness":[0.05,0.2666]}},{"biome":"minecraft:snowy_taiga","parameters":{"continentalness":[-0.19,-0.11],"depth":0,"erosion":[0.45,0.55],"humidity":[0.1,0.3],"offset":0,"temperature":[-1,-0.45],"weirdness":[0.05,0.2666]}},{"biome":"minecraft:snowy_taiga","parameters":{"continentalness":[-0.19,-0.11],"depth":1,"erosion":[0.45,0.55],"humidity":[0.1,0.3],"offset":0,"temperature":[-1,-0.45],"weirdness":[0.05,0.2666]}},{"biome":"minecraft:snowy_taiga","parameters":{"continentalness":[-0.11,0.03],"depth":0,"erosion":[0.45,0.55],"humidity":[0.1,0.3],"offset":0,"temperature":[-1,-0.45],"weirdness":[0.05,0.2666]}},{"biome":"minecraft:snowy_taiga","parameters":{"continentalness":[-0.11,0.03],"depth":1,"erosion":[0.45,0.55],"humidity":[0.1,0.3],"offset":0,"temperature":[-1,-0.45],"weirdness":[0.05,0.2666]}},{"biome":"minecraft:snowy_taiga","parameters":{"continentalness":[0.03,1],"depth":0,"erosion":[0.45,0.55],"humidity":[0.1,0.3],"offset":0,"temperature":[-1,-0.45],"weirdness":[0.05,0.2666]}},{"biome":"minecraft:snowy_taiga","parameters":{"continentalness":[0.03,1],"depth":1,"erosion":[0.45,0.55],"humidity":[0.1,0.3],"offset":0,"temperature":[-1,-0.45],"weirdness":[0.05,0.2666]}},{"biome":"minecraft:snowy_taiga","parameters":{"continentalness":[-0.11,1],"depth":0,"erosion":[0.55,1],"humidity":[0.1,0.3],"offset":0,"temperature":[-1,-0.45],"weirdness":[0.05,0.2666]}},{"biome":"minecraft:snowy_taiga","parameters":{"continentalness":[-0.11,1],"depth":1,"erosion":[0.55,1],"humidity":[0.1,0.3],"offset":0,"temperature":[-1,-0.45],"weirdness":[0.05,0.2666]}},{"biome":"minecraft:snowy_taiga","parameters":{"continentalness":[-0.11,0.03],"depth":0,"erosion":[-0.375,-0.2225],"humidity":[-0.1,0.1],"offset":0,"temperature":[-1,-0.45],"weirdness":[0.2666,0.4]}},{"biome":"minecraft:snowy_taiga","parameters":{"continentalness":[-0.11,0.03],"depth":1,"erosion":[-0.375,-0.2225],"humidity":[-0.1,0.1],"offset":0,"temperature":[-1,-0.45],"weirdness":[0.2666,0.4]}},{"biome":"minecraft:snowy_taiga","parameters":{"continentalness":[0.03,0.3],"depth":0,"erosion":[-0.375,-0.2225],"humidity":[-0.1,0.1],"offset":0,"temperature":[-1,-0.45],"weirdness":[0.2666,0.4]}},{"biome":"minecraft:snowy_taiga","parameters":{"continentalness":[0.03,0.3],"depth":1,"erosion":[-0.375,-0.2225],"humidity":[-0.1,0.1],"offset":0,"temperature":[-1,-0.45],"weirdness":[0.2666,0.4]}},{"biome":"minecraft:snowy_taiga","parameters":{"continentalness":[-0.19,0.03],"depth":0,"erosion":[-0.2225,0.05],"humidity":[-0.1,0.1],"offset":0,"temperature":[-1,-0.45],"weirdness":[0.2666,0.4]}},{"biome":"minecraft:snowy_taiga","parameters":{"continentalness":[-0.19,0.03],"depth":1,"erosion":[-0.2225,0.05],"humidity":[-0.1,0.1],"offset":0,"temperature":[-1,-0.45],"weirdness":[0.2666,0.4]}},{"biome":"minecraft:snowy_taiga","parameters":{"continentalness":[0.03,1],"depth":0,"erosion":[-0.2225,0.05],"humidity":[-0.1,0.1],"offset":0,"temperature":[-1,-0.45],"weirdness":[0.2666,0.4]}},{"biome":"minecraft:snowy_taiga","parameters":{"continentalness":[0.03,1],"depth":1,"erosion":[-0.2225,0.05],"humidity":[-0.1,0.1],"offset":0,"temperature":[-1,-0.45],"weirdness":[0.2666,0.4]}},{"biome":"minecraft:snowy_taiga","parameters":{"continentalness":[-0.19,1],"depth":0,"erosion":[0.05,0.45],"humidity":[-0.1,0.1],"offset":0,"temperature":[-1,-0.45],"weirdness":[0.2666,0.4]}},{"biome":"minecraft:snowy_taiga","parameters":{"continentalness":[-0.19,1],"depth":1,"erosion":[0.05,0.45],"humidity":[-0.1,0.1],"offset":0,"temperature":[-1,-0.45],"weirdness":[0.2666,0.4]}},{"biome":"minecraft:snowy_taiga","parameters":{"continentalness":[-0.19,-0.11],"depth":0,"erosion":[0.45,0.55],"humidity":[-0.1,0.1],"offset":0,"temperature":[-1,-0.45],"weirdness":[0.2666,0.4]}},{"biome":"minecraft:snowy_taiga","parameters":{"continentalness":[-0.19,-0.11],"depth":1,"erosion":[0.45,0.55],"humidity":[-0.1,0.1],"offset":0,"temperature":[-1,-0.45],"weirdness":[0.2666,0.4]}},{"biome":"minecraft:snowy_taiga","parameters":{"continentalness":[-0.11,0.03],"depth":0,"erosion":[0.45,0.55],"humidity":[-0.1,0.1],"offset":0,"temperature":[-1,-0.45],"weirdness":[0.2666,0.4]}},{"biome":"minecraft:snowy_taiga","parameters":{"continentalness":[-0.11,0.03],"depth":1,"erosion":[0.45,0.55],"humidity":[-0.1,0.1],"offset":0,"temperature":[-1,-0.45],"weirdness":[0.2666,0.4]}},{"biome":"minecraft:snowy_taiga","parameters":{"continentalness":[-0.19,-0.11],"depth":0,"erosion":[0.55,1],"humidity":[-0.1,0.1],"offset":0,"temperature":[-1,-0.45],"weirdness":[0.2666,0.4]}},{"biome":"minecraft:snowy_taiga","parameters":{"continentalness":[-0.19,-0.11],"depth":1,"erosion":[0.55,1],"humidity":[-0.1,0.1],"offset":0,"temperature":[-1,-0.45],"weirdness":[0.2666,0.4]}},{"biome":"minecraft:snowy_taiga","parameters":{"continentalness":[-0.11,1],"depth":0,"erosion":[0.55,1],"humidity":[-0.1,0.1],"offset":0,"temperature":[-1,-0.45],"weirdness":[0.2666,0.4]}},{"biome":"minecraft:snowy_taiga","parameters":{"continentalness":[-0.11,1],"depth":1,"erosion":[0.55,1],"humidity":[-0.1,0.1],"offset":0,"temperature":[-1,-0.45],"weirdness":[0.2666,0.4]}},{"biome":"minecraft:snowy_taiga","parameters":{"continentalness":[-0.11,0.03],"depth":0,"erosion":[-0.375,-0.2225],"humidity":[0.1,0.3],"offset":0,"temperature":[-1,-0.45],"weirdness":[0.2666,0.4]}},{"biome":"minecraft:snowy_taiga","parameters":{"continentalness":[-0.11,0.03],"depth":1,"erosion":[-0.375,-0.2225],"humidity":[0.1,0.3],"offset":0,"temperature":[-1,-0.45],"weirdness":[0.2666,0.4]}},{"biome":"minecraft:snowy_taiga","parameters":{"continentalness":[0.03,0.3],"depth":0,"erosion":[-0.375,-0.2225],"humidity":[0.1,0.3],"offset":0,"temperature":[-1,-0.45],"weirdness":[0.2666,0.4]}},{"biome":"minecraft:snowy_taiga","parameters":{"continentalness":[0.03,0.3],"depth":1,"erosion":[-0.375,-0.2225],"humidity":[0.1,0.3],"offset":0,"temperature":[-1,-0.45],"weirdness":[0.2666,0.4]}},{"biome":"minecraft:snowy_taiga","parameters":{"continentalness":[0.3,1],"depth":0,"erosion":[-0.375,-0.2225],"humidity":[0.1,0.3],"offset":0,"temperature":[-1,-0.45],"weirdness":[0.2666,0.4]}},{"biome":"minecraft:snowy_taiga","parameters":{"continentalness":[0.3,1],"depth":1,"erosion":[-0.375,-0.2225],"humidity":[0.1,0.3],"offset":0,"temperature":[-1,-0.45],"weirdness":[0.2666,0.4]}},{"biome":"minecraft:snowy_taiga","parameters":{"continentalness":[-0.19,0.03],"depth":0,"erosion":[-0.2225,0.05],"humidity":[0.1,0.3],"offset":0,"temperature":[-1,-0.45],"weirdness":[0.2666,0.4]}},{"biome":"minecraft:snowy_taiga","parameters":{"continentalness":[-0.19,0.03],"depth":1,"erosion":[-0.2225,0.05],"humidity":[0.1,0.3],"offset":0,"temperature":[-1,-0.45],"weirdness":[0.2666,0.4]}},{"biome":"minecraft:snowy_taiga","parameters":{"continentalness":[0.03,1],"depth":0,"erosion":[-0.2225,0.05],"humidity":[0.1,0.3],"offset":0,"temperature":[-1,-0.45],"weirdness":[0.2666,0.4]}},{"biome":"minecraft:snowy_taiga","parameters":{"continentalness":[0.03,1],"depth":1,"erosion":[-0.2225,0.05],"humidity":[0.1,0.3],"offset":0,"temperature":[-1,-0.45],"weirdness":[0.2666,0.4]}},{"biome":"minecraft:snowy_taiga","parameters":{"continentalness":[-0.19,1],"depth":0,"erosion":[0.05,0.45],"humidity":[0.1,0.3],"offset":0,"temperature":[-1,-0.45],"weirdness":[0.2666,0.4]}},{"biome":"minecraft:snowy_taiga","parameters":{"continentalness":[-0.19,1],"depth":1,"erosion":[0.05,0.45],"humidity":[0.1,0.3],"offset":0,"temperature":[-1,-0.45],"weirdness":[0.2666,0.4]}},{"biome":"minecraft:snowy_taiga","parameters":{"continentalness":[-0.19,-0.11],"depth":0,"erosion":[0.45,0.55],"humidity":[0.1,0.3],"offset":0,"temperature":[-1,-0.45],"weirdness":[0.2666,0.4]}},{"biome":"minecraft:snowy_taiga","parameters":{"continentalness":[-0.19,-0.11],"depth":1,"erosion":[0.45,0.55],"humidity":[0.1,0.3],"offset":0,"temperature":[-1,-0.45],"weirdness":[0.2666,0.4]}},{"biome":"minecraft:snowy_taiga","parameters":{"continentalness":[-0.11,0.03],"depth":0,"erosion":[0.45,0.55],"humidity":[0.1,0.3],"offset":0,"temperature":[-1,-0.45],"weirdness":[0.2666,0.4]}},{"biome":"minecraft:snowy_taiga","parameters":{"continentalness":[-0.11,0.03],"depth":1,"erosion":[0.45,0.55],"humidity":[0.1,0.3],"offset":0,"temperature":[-1,-0.45],"weirdness":[0.2666,0.4]}},{"biome":"minecraft:snowy_taiga","parameters":{"continentalness":[-0.19,-0.11],"depth":0,"erosion":[0.55,1],"humidity":[0.1,0.3],"offset":0,"temperature":[-1,-0.45],"weirdness":[0.2666,0.4]}},{"biome":"minecraft:snowy_taiga","parameters":{"continentalness":[-0.19,-0.11],"depth":1,"erosion":[0.55,1],"humidity":[0.1,0.3],"offset":0,"temperature":[-1,-0.45],"weirdness":[0.2666,0.4]}},{"biome":"minecraft:snowy_taiga","parameters":{"continentalness":[-0.11,1],"depth":0,"erosion":[0.55,1],"humidity":[0.1,0.3],"offset":0,"temperature":[-1,-0.45],"weirdness":[0.2666,0.4]}},{"biome":"minecraft:snowy_taiga","parameters":{"continentalness":[-0.11,1],"depth":1,"erosion":[0.55,1],"humidity":[0.1,0.3],"offset":0,"temperature":[-1,-0.45],"weirdness":[0.2666,0.4]}},{"biome":"minecraft:snowy_taiga","parameters":{"continentalness":[0.3,1],"depth":0,"erosion":[-0.375,-0.2225],"humidity":[0.3,1],"offset":0,"temperature":[-1,-0.45],"weirdness":[0.2666,0.4]}},{"biome":"minecraft:snowy_taiga","parameters":{"continentalness":[0.3,1],"depth":1,"erosion":[-0.375,-0.2225],"humidity":[0.3,1],"offset":0,"temperature":[-1,-0.45],"weirdness":[0.2666,0.4]}},{"biome":"minecraft:snowy_taiga","parameters":{"continentalness":[-0.19,-0.11],"depth":0,"erosion":[-1,-0.375],"humidity":[-0.1,0.1],"offset":0,"temperature":[-1,-0.45],"weirdness":[0.4,0.5666]}},{"biome":"minecraft:snowy_taiga","parameters":{"continentalness":[-0.19,-0.11],"depth":1,"erosion":[-1,-0.375],"humidity":[-0.1,0.1],"offset":0,"temperature":[-1,-0.45],"weirdness":[0.4,0.5666]}},{"biome":"minecraft:snowy_taiga","parameters":{"continentalness":[-0.19,0.03],"depth":0,"erosion":[-0.375,0.05],"humidity":[-0.1,0.1],"offset":0,"temperature":[-1,-0.45],"weirdness":[0.4,0.5666]}},{"biome":"minecraft:snowy_taiga","parameters":{"continentalness":[-0.19,0.03],"depth":1,"erosion":[-0.375,0.05],"humidity":[-0.1,0.1],"offset":0,"temperature":[-1,-0.45],"weirdness":[0.4,0.5666]}},{"biome":"minecraft:snowy_taiga","parameters":{"continentalness":[0.03,0.3],"depth":0,"erosion":[-0.2225,0.05],"humidity":[-0.1,0.1],"offset":0,"temperature":[-1,-0.45],"weirdness":[0.4,0.5666]}},{"biome":"minecraft:snowy_taiga","parameters":{"continentalness":[0.03,0.3],"depth":1,"erosion":[-0.2225,0.05],"humidity":[-0.1,0.1],"offset":0,"temperature":[-1,-0.45],"weirdness":[0.4,0.5666]}},{"biome":"minecraft:snowy_taiga","parameters":{"continentalness":[-0.19,1],"depth":0,"erosion":[0.05,0.45],"humidity":[-0.1,0.1],"offset":0,"temperature":[-1,-0.45],"weirdness":[0.4,0.5666]}},{"biome":"minecraft:snowy_taiga","parameters":{"continentalness":[-0.19,1],"depth":1,"erosion":[0.05,0.45],"humidity":[-0.1,0.1],"offset":0,"temperature":[-1,-0.45],"weirdness":[0.4,0.5666]}},{"biome":"minecraft:snowy_taiga","parameters":{"continentalness":[-0.19,0.03],"depth":0,"erosion":[0.45,0.55],"humidity":[-0.1,0.1],"offset":0,"temperature":[-1,-0.45],"weirdness":[0.4,0.5666]}},{"biome":"minecraft:snowy_taiga","parameters":{"continentalness":[-0.19,0.03],"depth":1,"erosion":[0.45,0.55],"humidity":[-0.1,0.1],"offset":0,"temperature":[-1,-0.45],"weirdness":[0.4,0.5666]}},{"biome":"minecraft:snowy_taiga","parameters":{"continentalness":[-0.19,1],"depth":0,"erosion":[0.55,1],"humidity":[-0.1,0.1],"offset":0,"temperature":[-1,-0.45],"weirdness":[0.4,0.5666]}},{"biome":"minecraft:snowy_taiga","parameters":{"continentalness":[-0.19,1],"depth":1,"erosion":[0.55,1],"humidity":[-0.1,0.1],"offset":0,"temperature":[-1,-0.45],"weirdness":[0.4,0.5666]}},{"biome":"minecraft:snowy_taiga","parameters":{"continentalness":[-0.19,-0.11],"depth":0,"erosion":[-1,-0.375],"humidity":[0.1,0.3],"offset":0,"temperature":[-1,-0.45],"weirdness":[0.4,0.5666]}},{"biome":"minecraft:snowy_taiga","parameters":{"continentalness":[-0.19,-0.11],"depth":1,"erosion":[-1,-0.375],"humidity":[0.1,0.3],"offset":0,"temperature":[-1,-0.45],"weirdness":[0.4,0.5666]}},{"biome":"minecraft:snowy_taiga","parameters":{"continentalness":[-0.19,0.03],"depth":0,"erosion":[-0.375,0.05],"humidity":[0.1,0.3],"offset":0,"temperature":[-1,-0.45],"weirdness":[0.4,0.5666]}},{"biome":"minecraft:snowy_taiga","parameters":{"continentalness":[-0.19,0.03],"depth":1,"erosion":[-0.375,0.05],"humidity":[0.1,0.3],"offset":0,"temperature":[-1,-0.45],"weirdness":[0.4,0.5666]}},{"biome":"minecraft:snowy_taiga","parameters":{"continentalness":[0.03,1],"depth":0,"erosion":[-0.375,-0.2225],"humidity":[0.1,0.3],"offset":0,"temperature":[-1,-0.45],"weirdness":[0.4,0.5666]}},{"biome":"minecraft:snowy_taiga","parameters":{"continentalness":[0.03,1],"depth":1,"erosion":[-0.375,-0.2225],"humidity":[0.1,0.3],"offset":0,"temperature":[-1,-0.45],"weirdness":[0.4,0.5666]}},{"biome":"minecraft:snowy_taiga","parameters":{"continentalness":[0.03,0.3],"depth":0,"erosion":[-0.2225,0.05],"humidity":[0.1,0.3],"offset":0,"temperature":[-1,-0.45],"weirdness":[0.4,0.5666]}},{"biome":"minecraft:snowy_taiga","parameters":{"continentalness":[0.03,0.3],"depth":1,"erosion":[-0.2225,0.05],"humidity":[0.1,0.3],"offset":0,"temperature":[-1,-0.45],"weirdness":[0.4,0.5666]}},{"biome":"minecraft:snowy_taiga","parameters":{"continentalness":[0.3,1],"depth":0,"erosion":[-0.2225,0.05],"humidity":[0.1,0.3],"offset":0,"temperature":[-1,-0.45],"weirdness":[0.4,0.5666]}},{"biome":"minecraft:snowy_taiga","parameters":{"continentalness":[0.3,1],"depth":1,"erosion":[-0.2225,0.05],"humidity":[0.1,0.3],"offset":0,"temperature":[-1,-0.45],"weirdness":[0.4,0.5666]}},{"biome":"minecraft:snowy_taiga","parameters":{"continentalness":[-0.19,1],"depth":0,"erosion":[0.05,0.45],"humidity":[0.1,0.3],"offset":0,"temperature":[-1,-0.45],"weirdness":[0.4,0.5666]}},{"biome":"minecraft:snowy_taiga","parameters":{"continentalness":[-0.19,1],"depth":1,"erosion":[0.05,0.45],"humidity":[0.1,0.3],"offset":0,"temperature":[-1,-0.45],"weirdness":[0.4,0.5666]}},{"biome":"minecraft:snowy_taiga","parameters":{"continentalness":[-0.19,0.03],"depth":0,"erosion":[0.45,0.55],"humidity":[0.1,0.3],"offset":0,"temperature":[-1,-0.45],"weirdness":[0.4,0.5666]}},{"biome":"minecraft:snowy_taiga","parameters":{"continentalness":[-0.19,0.03],"depth":1,"erosion":[0.45,0.55],"humidity":[0.1,0.3],"offset":0,"temperature":[-1,-0.45],"weirdness":[0.4,0.5666]}},{"biome":"minecraft:snowy_taiga","parameters":{"continentalness":[-0.19,1],"depth":0,"erosion":[0.55,1],"humidity":[0.1,0.3],"offset":0,"temperature":[-1,-0.45],"weirdness":[0.4,0.5666]}},{"biome":"minecraft:snowy_taiga","parameters":{"continentalness":[-0.19,1],"depth":1,"erosion":[0.55,1],"humidity":[0.1,0.3],"offset":0,"temperature":[-1,-0.45],"weirdness":[0.4,0.5666]}},{"biome":"minecraft:snowy_taiga","parameters":{"continentalness":[0.03,1],"depth":0,"erosion":[-0.375,-0.2225],"humidity":[0.3,1],"offset":0,"temperature":[-1,-0.45],"weirdness":[0.4,0.5666]}},{"biome":"minecraft:snowy_taiga","parameters":{"continentalness":[0.03,1],"depth":1,"erosion":[-0.375,-0.2225],"humidity":[0.3,1],"offset":0,"temperature":[-1,-0.45],"weirdness":[0.4,0.5666]}},{"biome":"minecraft:snowy_taiga","parameters":{"continentalness":[0.3,1],"depth":0,"erosion":[-0.2225,0.05],"humidity":[0.3,1],"offset":0,"temperature":[-1,-0.45],"weirdness":[0.4,0.5666]}},{"biome":"minecraft:snowy_taiga","parameters":{"continentalness":[0.3,1],"depth":1,"erosion":[-0.2225,0.05],"humidity":[0.3,1],"offset":0,"temperature":[-1,-0.45],"weirdness":[0.4,0.5666]}},{"biome":"minecraft:snowy_taiga","parameters":{"continentalness":[-0.19,0.03],"depth":0,"erosion":[-0.375,0.05],"humidity":[-0.1,0.1],"offset":0,"temperature":[-1,-0.45],"weirdness":[0.5666,0.7666]}},{"biome":"minecraft:snowy_taiga","parameters":{"continentalness":[-0.19,0.03],"depth":1,"erosion":[-0.375,0.05],"humidity":[-0.1,0.1],"offset":0,"temperature":[-1,-0.45],"weirdness":[0.5666,0.7666]}},{"biome":"minecraft:snowy_taiga","parameters":{"continentalness":[0.03,0.3],"depth":0,"erosion":[-0.2225,0.05],"humidity":[-0.1,0.1],"offset":0,"temperature":[-1,-0.45],"weirdness":[0.5666,0.7666]}},{"biome":"minecraft:snowy_taiga","parameters":{"continentalness":[0.03,0.3],"depth":1,"erosion":[-0.2225,0.05],"humidity":[-0.1,0.1],"offset":0,"temperature":[-1,-0.45],"weirdness":[0.5666,0.7666]}},{"biome":"minecraft:snowy_taiga","parameters":{"continentalness":[-0.19,1],"depth":0,"erosion":[0.05,0.45],"humidity":[-0.1,0.1],"offset":0,"temperature":[-1,-0.45],"weirdness":[0.5666,0.7666]}},{"biome":"minecraft:snowy_taiga","parameters":{"continentalness":[-0.19,1],"depth":1,"erosion":[0.05,0.45],"humidity":[-0.1,0.1],"offset":0,"temperature":[-1,-0.45],"weirdness":[0.5666,0.7666]}},{"biome":"minecraft:snowy_taiga","parameters":{"continentalness":[-0.19,1],"depth":0,"erosion":[0.55,1],"humidity":[-0.1,0.1],"offset":0,"temperature":[-1,-0.45],"weirdness":[0.5666,0.7666]}},{"biome":"minecraft:snowy_taiga","parameters":{"continentalness":[-0.19,1],"depth":1,"erosion":[0.55,1],"humidity":[-0.1,0.1],"offset":0,"temperature":[-1,-0.45],"weirdness":[0.5666,0.7666]}},{"biome":"minecraft:snowy_taiga","parameters":{"continentalness":[-0.19,0.03],"depth":0,"erosion":[-0.375,0.05],"humidity":[0.1,0.3],"offset":0,"temperature":[-1,-0.45],"weirdness":[0.5666,0.7666]}},{"biome":"minecraft:snowy_taiga","parameters":{"continentalness":[-0.19,0.03],"depth":1,"erosion":[-0.375,0.05],"humidity":[0.1,0.3],"offset":0,"temperature":[-1,-0.45],"weirdness":[0.5666,0.7666]}},{"biome":"minecraft:snowy_taiga","parameters":{"continentalness":[0.03,1],"depth":0,"erosion":[-0.375,-0.2225],"humidity":[0.1,0.3],"offset":0,"temperature":[-1,-0.45],"weirdness":[0.5666,0.7666]}},{"biome":"minecraft:snowy_taiga","parameters":{"continentalness":[0.03,1],"depth":1,"erosion":[-0.375,-0.2225],"humidity":[0.1,0.3],"offset":0,"temperature":[-1,-0.45],"weirdness":[0.5666,0.7666]}},{"biome":"minecraft:snowy_taiga","parameters":{"continentalness":[0.03,0.3],"depth":0,"erosion":[-0.2225,0.05],"humidity":[0.1,0.3],"offset":0,"temperature":[-1,-0.45],"weirdness":[0.5666,0.7666]}},{"biome":"minecraft:snowy_taiga","parameters":{"continentalness":[0.03,0.3],"depth":1,"erosion":[-0.2225,0.05],"humidity":[0.1,0.3],"offset":0,"temperature":[-1,-0.45],"weirdness":[0.5666,0.7666]}},{"biome":"minecraft:snowy_taiga","parameters":{"continentalness":[0.3,1],"depth":0,"erosion":[-0.2225,0.05],"humidity":[0.1,0.3],"offset":0,"temperature":[-1,-0.45],"weirdness":[0.5666,0.7666]}},{"biome":"minecraft:snowy_taiga","parameters":{"continentalness":[0.3,1],"depth":1,"erosion":[-0.2225,0.05],"humidity":[0.1,0.3],"offset":0,"temperature":[-1,-0.45],"weirdness":[0.5666,0.7666]}},{"biome":"minecraft:snowy_taiga","parameters":{"continentalness":[-0.19,1],"depth":0,"erosion":[0.05,0.45],"humidity":[0.1,0.3],"offset":0,"temperature":[-1,-0.45],"weirdness":[0.5666,0.7666]}},{"biome":"minecraft:snowy_taiga","parameters":{"continentalness":[-0.19,1],"depth":1,"erosion":[0.05,0.45],"humidity":[0.1,0.3],"offset":0,"temperature":[-1,-0.45],"weirdness":[0.5666,0.7666]}},{"biome":"minecraft:snowy_taiga","parameters":{"continentalness":[-0.19,1],"depth":0,"erosion":[0.55,1],"humidity":[0.1,0.3],"offset":0,"temperature":[-1,-0.45],"weirdness":[0.5666,0.7666]}},{"biome":"minecraft:snowy_taiga","parameters":{"continentalness":[-0.19,1],"depth":1,"erosion":[0.55,1],"humidity":[0.1,0.3],"offset":0,"temperature":[-1,-0.45],"weirdness":[0.5666,0.7666]}},{"biome":"minecraft:snowy_taiga","parameters":{"continentalness":[0.03,1],"depth":0,"erosion":[-0.375,-0.2225],"humidity":[0.3,1],"offset":0,"temperature":[-1,-0.45],"weirdness":[0.5666,0.7666]}},{"biome":"minecraft:snowy_taiga","parameters":{"continentalness":[0.03,1],"depth":1,"erosion":[-0.375,-0.2225],"humidity":[0.3,1],"offset":0,"temperature":[-1,-0.45],"weirdness":[0.5666,0.7666]}},{"biome":"minecraft:snowy_taiga","parameters":{"continentalness":[0.3,1],"depth":0,"erosion":[-0.2225,0.05],"humidity":[0.3,1],"offset":0,"temperature":[-1,-0.45],"weirdness":[0.5666,0.7666]}},{"biome":"minecraft:snowy_taiga","parameters":{"continentalness":[0.3,1],"depth":1,"erosion":[-0.2225,0.05],"humidity":[0.3,1],"offset":0,"temperature":[-1,-0.45],"weirdness":[0.5666,0.7666]}},{"biome":"minecraft:snowy_taiga","parameters":{"continentalness":[-0.19,-0.11],"depth":0,"erosion":[-1,-0.375],"humidity":[-0.1,0.1],"offset":0,"temperature":[-1,-0.45],"weirdness":[0.7666,0.9333]}},{"biome":"minecraft:snowy_taiga","parameters":{"continentalness":[-0.19,-0.11],"depth":1,"erosion":[-1,-0.375],"humidity":[-0.1,0.1],"offset":0,"temperature":[-1,-0.45],"weirdness":[0.7666,0.9333]}},{"biome":"minecraft:snowy_taiga","parameters":{"continentalness":[-0.19,0.03],"depth":0,"erosion":[-0.375,0.05],"humidity":[-0.1,0.1],"offset":0,"temperature":[-1,-0.45],"weirdness":[0.7666,0.9333]}},{"biome":"minecraft:snowy_taiga","parameters":{"continentalness":[-0.19,0.03],"depth":1,"erosion":[-0.375,0.05],"humidity":[-0.1,0.1],"offset":0,"temperature":[-1,-0.45],"weirdness":[0.7666,0.9333]}},{"biome":"minecraft:snowy_taiga","parameters":{"continentalness":[0.03,0.3],"depth":0,"erosion":[-0.2225,0.05],"humidity":[-0.1,0.1],"offset":0,"temperature":[-1,-0.45],"weirdness":[0.7666,0.9333]}},{"biome":"minecraft:snowy_taiga","parameters":{"continentalness":[0.03,0.3],"depth":1,"erosion":[-0.2225,0.05],"humidity":[-0.1,0.1],"offset":0,"temperature":[-1,-0.45],"weirdness":[0.7666,0.9333]}},{"biome":"minecraft:snowy_taiga","parameters":{"continentalness":[-0.19,1],"depth":0,"erosion":[0.05,0.45],"humidity":[-0.1,0.1],"offset":0,"temperature":[-1,-0.45],"weirdness":[0.7666,0.9333]}},{"biome":"minecraft:snowy_taiga","parameters":{"continentalness":[-0.19,1],"depth":1,"erosion":[0.05,0.45],"humidity":[-0.1,0.1],"offset":0,"temperature":[-1,-0.45],"weirdness":[0.7666,0.9333]}},{"biome":"minecraft:snowy_taiga","parameters":{"continentalness":[-0.19,0.03],"depth":0,"erosion":[0.45,0.55],"humidity":[-0.1,0.1],"offset":0,"temperature":[-1,-0.45],"weirdness":[0.7666,0.9333]}},{"biome":"minecraft:snowy_taiga","parameters":{"continentalness":[-0.19,0.03],"depth":1,"erosion":[0.45,0.55],"humidity":[-0.1,0.1],"offset":0,"temperature":[-1,-0.45],"weirdness":[0.7666,0.9333]}},{"biome":"minecraft:snowy_taiga","parameters":{"continentalness":[-0.19,1],"depth":0,"erosion":[0.55,1],"humidity":[-0.1,0.1],"offset":0,"temperature":[-1,-0.45],"weirdness":[0.7666,0.9333]}},{"biome":"minecraft:snowy_taiga","parameters":{"continentalness":[-0.19,1],"depth":1,"erosion":[0.55,1],"humidity":[-0.1,0.1],"offset":0,"temperature":[-1,-0.45],"weirdness":[0.7666,0.9333]}},{"biome":"minecraft:snowy_taiga","parameters":{"continentalness":[-0.19,-0.11],"depth":0,"erosion":[-1,-0.375],"humidity":[0.1,0.3],"offset":0,"temperature":[-1,-0.45],"weirdness":[0.7666,0.9333]}},{"biome":"minecraft:snowy_taiga","parameters":{"continentalness":[-0.19,-0.11],"depth":1,"erosion":[-1,-0.375],"humidity":[0.1,0.3],"offset":0,"temperature":[-1,-0.45],"weirdness":[0.7666,0.9333]}},{"biome":"minecraft:snowy_taiga","parameters":{"continentalness":[-0.19,0.03],"depth":0,"erosion":[-0.375,0.05],"humidity":[0.1,0.3],"offset":0,"temperature":[-1,-0.45],"weirdness":[0.7666,0.9333]}},{"biome":"minecraft:snowy_taiga","parameters":{"continentalness":[-0.19,0.03],"depth":1,"erosion":[-0.375,0.05],"humidity":[0.1,0.3],"offset":0,"temperature":[-1,-0.45],"weirdness":[0.7666,0.9333]}},{"biome":"minecraft:snowy_taiga","parameters":{"continentalness":[0.03,1],"depth":0,"erosion":[-0.375,-0.2225],"humidity":[0.1,0.3],"offset":0,"temperature":[-1,-0.45],"weirdness":[0.7666,0.9333]}},{"biome":"minecraft:snowy_taiga","parameters":{"continentalness":[0.03,1],"depth":1,"erosion":[-0.375,-0.2225],"humidity":[0.1,0.3],"offset":0,"temperature":[-1,-0.45],"weirdness":[0.7666,0.9333]}},{"biome":"minecraft:snowy_taiga","parameters":{"continentalness":[0.03,0.3],"depth":0,"erosion":[-0.2225,0.05],"humidity":[0.1,0.3],"offset":0,"temperature":[-1,-0.45],"weirdness":[0.7666,0.9333]}},{"biome":"minecraft:snowy_taiga","parameters":{"continentalness":[0.03,0.3],"depth":1,"erosion":[-0.2225,0.05],"humidity":[0.1,0.3],"offset":0,"temperature":[-1,-0.45],"weirdness":[0.7666,0.9333]}},{"biome":"minecraft:snowy_taiga","parameters":{"continentalness":[0.3,1],"depth":0,"erosion":[-0.2225,0.05],"humidity":[0.1,0.3],"offset":0,"temperature":[-1,-0.45],"weirdness":[0.7666,0.9333]}},{"biome":"minecraft:snowy_taiga","parameters":{"continentalness":[0.3,1],"depth":1,"erosion":[-0.2225,0.05],"humidity":[0.1,0.3],"offset":0,"temperature":[-1,-0.45],"weirdness":[0.7666,0.9333]}},{"biome":"minecraft:snowy_taiga","parameters":{"continentalness":[-0.19,1],"depth":0,"erosion":[0.05,0.45],"humidity":[0.1,0.3],"offset":0,"temperature":[-1,-0.45],"weirdness":[0.7666,0.9333]}},{"biome":"minecraft:snowy_taiga","parameters":{"continentalness":[-0.19,1],"depth":1,"erosion":[0.05,0.45],"humidity":[0.1,0.3],"offset":0,"temperature":[-1,-0.45],"weirdness":[0.7666,0.9333]}},{"biome":"minecraft:snowy_taiga","parameters":{"continentalness":[-0.19,0.03],"depth":0,"erosion":[0.45,0.55],"humidity":[0.1,0.3],"offset":0,"temperature":[-1,-0.45],"weirdness":[0.7666,0.9333]}},{"biome":"minecraft:snowy_taiga","parameters":{"continentalness":[-0.19,0.03],"depth":1,"erosion":[0.45,0.55],"humidity":[0.1,0.3],"offset":0,"temperature":[-1,-0.45],"weirdness":[0.7666,0.9333]}},{"biome":"minecraft:snowy_taiga","parameters":{"continentalness":[-0.19,1],"depth":0,"erosion":[0.55,1],"humidity":[0.1,0.3],"offset":0,"temperature":[-1,-0.45],"weirdness":[0.7666,0.9333]}},{"biome":"minecraft:snowy_taiga","parameters":{"continentalness":[-0.19,1],"depth":1,"erosion":[0.55,1],"humidity":[0.1,0.3],"offset":0,"temperature":[-1,-0.45],"weirdness":[0.7666,0.9333]}},{"biome":"minecraft:snowy_taiga","parameters":{"continentalness":[0.03,1],"depth":0,"erosion":[-0.375,-0.2225],"humidity":[0.3,1],"offset":0,"temperature":[-1,-0.45],"weirdness":[0.7666,0.9333]}},{"biome":"minecraft:snowy_taiga","parameters":{"continentalness":[0.03,1],"depth":1,"erosion":[-0.375,-0.2225],"humidity":[0.3,1],"offset":0,"temperature":[-1,-0.45],"weirdness":[0.7666,0.9333]}},{"biome":"minecraft:snowy_taiga","parameters":{"continentalness":[0.3,1],"depth":0,"erosion":[-0.2225,0.05],"humidity":[0.3,1],"offset":0,"temperature":[-1,-0.45],"weirdness":[0.7666,0.9333]}},{"biome":"minecraft:snowy_taiga","parameters":{"continentalness":[0.3,1],"depth":1,"erosion":[-0.2225,0.05],"humidity":[0.3,1],"offset":0,"temperature":[-1,-0.45],"weirdness":[0.7666,0.9333]}},{"biome":"minecraft:snowy_taiga","parameters":{"continentalness":[-0.11,0.03],"depth":0,"erosion":[-0.375,-0.2225],"humidity":[-0.1,0.1],"offset":0,"temperature":[-1,-0.45],"weirdness":[0.9333,1]}},{"biome":"minecraft:snowy_taiga","parameters":{"continentalness":[-0.11,0.03],"depth":1,"erosion":[-0.375,-0.2225],"humidity":[-0.1,0.1],"offset":0,"temperature":[-1,-0.45],"weirdness":[0.9333,1]}},{"biome":"minecraft:snowy_taiga","parameters":{"continentalness":[0.03,0.3],"depth":0,"erosion":[-0.375,-0.2225],"humidity":[-0.1,0.1],"offset":0,"temperature":[-1,-0.45],"weirdness":[0.9333,1]}},{"biome":"minecraft:snowy_taiga","parameters":{"continentalness":[0.03,0.3],"depth":1,"erosion":[-0.375,-0.2225],"humidity":[-0.1,0.1],"offset":0,"temperature":[-1,-0.45],"weirdness":[0.9333,1]}},{"biome":"minecraft:snowy_taiga","parameters":{"continentalness":[-0.19,0.03],"depth":0,"erosion":[-0.2225,0.05],"humidity":[-0.1,0.1],"offset":0,"temperature":[-1,-0.45],"weirdness":[0.9333,1]}},{"biome":"minecraft:snowy_taiga","parameters":{"continentalness":[-0.19,0.03],"depth":1,"erosion":[-0.2225,0.05],"humidity":[-0.1,0.1],"offset":0,"temperature":[-1,-0.45],"weirdness":[0.9333,1]}},{"biome":"minecraft:snowy_taiga","parameters":{"continentalness":[0.03,1],"depth":0,"erosion":[-0.2225,0.05],"humidity":[-0.1,0.1],"offset":0,"temperature":[-1,-0.45],"weirdness":[0.9333,1]}},{"biome":"minecraft:snowy_taiga","parameters":{"continentalness":[0.03,1],"depth":1,"erosion":[-0.2225,0.05],"humidity":[-0.1,0.1],"offset":0,"temperature":[-1,-0.45],"weirdness":[0.9333,1]}},{"biome":"minecraft:snowy_taiga","parameters":{"continentalness":[-0.19,1],"depth":0,"erosion":[0.05,0.45],"humidity":[-0.1,0.1],"offset":0,"temperature":[-1,-0.45],"weirdness":[0.9333,1]}},{"biome":"minecraft:snowy_taiga","parameters":{"continentalness":[-0.19,1],"depth":1,"erosion":[0.05,0.45],"humidity":[-0.1,0.1],"offset":0,"temperature":[-1,-0.45],"weirdness":[0.9333,1]}},{"biome":"minecraft:snowy_taiga","parameters":{"continentalness":[-0.19,-0.11],"depth":0,"erosion":[0.45,0.55],"humidity":[-0.1,0.1],"offset":0,"temperature":[-1,-0.45],"weirdness":[0.9333,1]}},{"biome":"minecraft:snowy_taiga","parameters":{"continentalness":[-0.19,-0.11],"depth":1,"erosion":[0.45,0.55],"humidity":[-0.1,0.1],"offset":0,"temperature":[-1,-0.45],"weirdness":[0.9333,1]}},{"biome":"minecraft:snowy_taiga","parameters":{"continentalness":[-0.11,0.03],"depth":0,"erosion":[0.45,0.55],"humidity":[-0.1,0.1],"offset":0,"temperature":[-1,-0.45],"weirdness":[0.9333,1]}},{"biome":"minecraft:snowy_taiga","parameters":{"continentalness":[-0.11,0.03],"depth":1,"erosion":[0.45,0.55],"humidity":[-0.1,0.1],"offset":0,"temperature":[-1,-0.45],"weirdness":[0.9333,1]}},{"biome":"minecraft:snowy_taiga","parameters":{"continentalness":[-0.19,-0.11],"depth":0,"erosion":[0.55,1],"humidity":[-0.1,0.1],"offset":0,"temperature":[-1,-0.45],"weirdness":[0.9333,1]}},{"biome":"minecraft:snowy_taiga","parameters":{"continentalness":[-0.19,-0.11],"depth":1,"erosion":[0.55,1],"humidity":[-0.1,0.1],"offset":0,"temperature":[-1,-0.45],"weirdness":[0.9333,1]}},{"biome":"minecraft:snowy_taiga","parameters":{"continentalness":[-0.11,1],"depth":0,"erosion":[0.55,1],"humidity":[-0.1,0.1],"offset":0,"temperature":[-1,-0.45],"weirdness":[0.9333,1]}},{"biome":"minecraft:snowy_taiga","parameters":{"continentalness":[-0.11,1],"depth":1,"erosion":[0.55,1],"humidity":[-0.1,0.1],"offset":0,"temperature":[-1,-0.45],"weirdness":[0.9333,1]}},{"biome":"minecraft:snowy_taiga","parameters":{"continentalness":[-0.11,0.03],"depth":0,"erosion":[-0.375,-0.2225],"humidity":[0.1,0.3],"offset":0,"temperature":[-1,-0.45],"weirdness":[0.9333,1]}},{"biome":"minecraft:snowy_taiga","parameters":{"continentalness":[-0.11,0.03],"depth":1,"erosion":[-0.375,-0.2225],"humidity":[0.1,0.3],"offset":0,"temperature":[-1,-0.45],"weirdness":[0.9333,1]}},{"biome":"minecraft:snowy_taiga","parameters":{"continentalness":[0.03,0.3],"depth":0,"erosion":[-0.375,-0.2225],"humidity":[0.1,0.3],"offset":0,"temperature":[-1,-0.45],"weirdness":[0.9333,1]}},{"biome":"minecraft:snowy_taiga","parameters":{"continentalness":[0.03,0.3],"depth":1,"erosion":[-0.375,-0.2225],"humidity":[0.1,0.3],"offset":0,"temperature":[-1,-0.45],"weirdness":[0.9333,1]}},{"biome":"minecraft:snowy_taiga","parameters":{"continentalness":[0.3,1],"depth":0,"erosion":[-0.375,-0.2225],"humidity":[0.1,0.3],"offset":0,"temperature":[-1,-0.45],"weirdness":[0.9333,1]}},{"biome":"minecraft:snowy_taiga","parameters":{"continentalness":[0.3,1],"depth":1,"erosion":[-0.375,-0.2225],"humidity":[0.1,0.3],"offset":0,"temperature":[-1,-0.45],"weirdness":[0.9333,1]}},{"biome":"minecraft:snowy_taiga","parameters":{"continentalness":[-0.19,0.03],"depth":0,"erosion":[-0.2225,0.05],"humidity":[0.1,0.3],"offset":0,"temperature":[-1,-0.45],"weirdness":[0.9333,1]}},{"biome":"minecraft:snowy_taiga","parameters":{"continentalness":[-0.19,0.03],"depth":1,"erosion":[-0.2225,0.05],"humidity":[0.1,0.3],"offset":0,"temperature":[-1,-0.45],"weirdness":[0.9333,1]}},{"biome":"minecraft:snowy_taiga","parameters":{"continentalness":[0.03,1],"depth":0,"erosion":[-0.2225,0.05],"humidity":[0.1,0.3],"offset":0,"temperature":[-1,-0.45],"weirdness":[0.9333,1]}},{"biome":"minecraft:snowy_taiga","parameters":{"continentalness":[0.03,1],"depth":1,"erosion":[-0.2225,0.05],"humidity":[0.1,0.3],"offset":0,"temperature":[-1,-0.45],"weirdness":[0.9333,1]}},{"biome":"minecraft:snowy_taiga","parameters":{"continentalness":[-0.19,1],"depth":0,"erosion":[0.05,0.45],"humidity":[0.1,0.3],"offset":0,"temperature":[-1,-0.45],"weirdness":[0.9333,1]}},{"biome":"minecraft:snowy_taiga","parameters":{"continentalness":[-0.19,1],"depth":1,"erosion":[0.05,0.45],"humidity":[0.1,0.3],"offset":0,"temperature":[-1,-0.45],"weirdness":[0.9333,1]}},{"biome":"minecraft:snowy_taiga","parameters":{"continentalness":[-0.19,-0.11],"depth":0,"erosion":[0.45,0.55],"humidity":[0.1,0.3],"offset":0,"temperature":[-1,-0.45],"weirdness":[0.9333,1]}},{"biome":"minecraft:snowy_taiga","parameters":{"continentalness":[-0.19,-0.11],"depth":1,"erosion":[0.45,0.55],"humidity":[0.1,0.3],"offset":0,"temperature":[-1,-0.45],"weirdness":[0.9333,1]}},{"biome":"minecraft:snowy_taiga","parameters":{"continentalness":[-0.11,0.03],"depth":0,"erosion":[0.45,0.55],"humidity":[0.1,0.3],"offset":0,"temperature":[-1,-0.45],"weirdness":[0.9333,1]}},{"biome":"minecraft:snowy_taiga","parameters":{"continentalness":[-0.11,0.03],"depth":1,"erosion":[0.45,0.55],"humidity":[0.1,0.3],"offset":0,"temperature":[-1,-0.45],"weirdness":[0.9333,1]}},{"biome":"minecraft:snowy_taiga","parameters":{"continentalness":[-0.19,-0.11],"depth":0,"erosion":[0.55,1],"humidity":[0.1,0.3],"offset":0,"temperature":[-1,-0.45],"weirdness":[0.9333,1]}},{"biome":"minecraft:snowy_taiga","parameters":{"continentalness":[-0.19,-0.11],"depth":1,"erosion":[0.55,1],"humidity":[0.1,0.3],"offset":0,"temperature":[-1,-0.45],"weirdness":[0.9333,1]}},{"biome":"minecraft:snowy_taiga","parameters":{"continentalness":[-0.11,1],"depth":0,"erosion":[0.55,1],"humidity":[0.1,0.3],"offset":0,"temperature":[-1,-0.45],"weirdness":[0.9333,1]}},{"biome":"minecraft:snowy_taiga","parameters":{"continentalness":[-0.11,1],"depth":1,"erosion":[0.55,1],"humidity":[0.1,0.3],"offset":0,"temperature":[-1,-0.45],"weirdness":[0.9333,1]}},{"biome":"minecraft:snowy_taiga","parameters":{"continentalness":[0.3,1],"depth":0,"erosion":[-0.375,-0.2225],"humidity":[0.3,1],"offset":0,"temperature":[-1,-0.45],"weirdness":[0.9333,1]}},{"biome":"minecraft:snowy_taiga","parameters":{"continentalness":[0.3,1],"depth":1,"erosion":[-0.375,-0.2225],"humidity":[0.3,1],"offset":0,"temperature":[-1,-0.45],"weirdness":[0.9333,1]}}],"type":"minecraft:multi_noise"},"settings":"minecraft:overworld"}}