{"type":"minecraft:overworld","generator":{"type":"minecraft:noise","biome_source":{"biomes":[{"biome":"minecraft:swamp","parameters":{"continentalness":[-0.11,1],"depth":0,"erosion":[0.55,1],"humidity":[-1,1],"offset":0,"temperature":[-0.45,0.2],"weirdness":[-1,-0.9333]}},{"biome":"minecraft:swamp","parameters":{"continentalness":[-0.11,1],"depth":1,"erosion":[0.55,1],"humidity":[-1,1],"offset":0,"temperature":[-0.45,0.2],"weirdness":[-1,-0.9333]}},{"biome":"minecraft:swamp","parameters":{"continentalness":[-0.11,1],"depth":0,"erosion":[0.55,1],"humidity":[-1,1],"offset":0,"temperature":[-0.45,0.2],"weirdness":[-0.4,-0.2666]}},{"biome":"minecraft:swamp","parameters":{"continentalness":[-0.11,1],"depth":1,"erosion":[0.55,1],"humidity":[-1,1],"offset":0,"temperature":[-0.45,0.2],"weirdness":[-0.4,-0.2666]}},{"biome":"minecraft:swamp","parameters":{"continentalness":[-0.11,1],"depth":0,"erosion":[0.55,1],"humidity":[-1,1],"offset":0,"temperature":[-0.45,0.2],"weirdness":[-0.2666,-0.05]}},{"biome":"minecraft:swamp","parameters":{"continentalness":[-0.11,1],"depth":1,"erosion":[0.55,1],"humidity":[-1,1],"offset":0,"temperature":[-0.45,0.2],"weirdness":[-0.2666,-0.05]}},{"biome":"minecraft:swamp","parameters":{"continentalness":[-0.11,1],"depth":0,"erosion":[0.55,1],"humidity":[-1,1],"offset":0,"temperature":[-0.45,0.2],"weirdness":[-0.05,0.05]}},{"biome":"minecraft:swamp","parameters":{"continentalness":[-0.11,1],"depth":1,"erosion":[0.55,1],"humidity":[-1,1],"offset":0,"temperature":[-0.45,0.2],"weirdness":[-0.05,0.05]}},{"biome":"minecraft:swamp","parameters":{"continentalness":[-0.11,1],"depth":0,"erosion":[0.55,1],"humidity":[-1,1],"offset":0,"temperature":[-0.45,0.2],"weirdness":[0.05,0.2666]}},{"biome":"minecraft:swamp","parameters":{"continentalness":[-0.11,1],"depth":1,"erosion":[0.55,1],"humidity":[-1,1],"offset":0,"temperature":[-0.45,0.2],"weirdness":[0.05,0.2666]}},{"biome":"minecraft:swamp","parameters":{"continentalness":[-0.11,1],"depth":0,"erosion":[0.55,1],"humidity":[-1,1],"offset":0,"temperature":[-0.45,0.2],"weirdness":[0.2666,0.4]}},{"biome":"minecraft:swamp","parameters":{"continentalness":[-0.11,1],"depth":1,"erosion":[0.55,1],"humidity":[-1,1],"offset":0,"temperature":[-0.45,0.2],"weirdness":[0.2666,0.4]}},{"biome":"minecraft:swamp","parameters":{"continentalness":[-0.11,1],"depth":0,"erosion":[0.55,1],"humidity":[-1,1],"offset":0,"temperature":[-0.45,0.2],"weirdness":[0.9333,1]}},{"biome":"minecraft:swamp","parameters":{"continentalness":[-0.11,1],"depth":1,"erosion":[0.55,1],"humidity":[-1,1],"offset":0,"temperature":[-0.45,0.2],"weirdness":[0.9333,1]}}],"type":"minecraft:multi_noise"},"settings":"minecraft:overworld"}}